1,Berrios,Paul,1998-05-21,paul.b496@gmail.com,21,44,49,47,10;929,124,576,602,796
2,Smith,Delvin,1971-01-06,dsmith7@hotmail.co.uk,21,12;925,25,137,741
3,McNair,John,1983-11-28,j.mcnair@yahoo.com,12,2,22,48,38,10,43;296,794,546,649,483,632,836
4,Morris,Christopher,1983-04-16,christopherm949@aol.com,23,26,24,31,39,44;415,678,280,200
5,Lauer,Gary,1975-03-10,gary_l@hotmail.com,8,13,27;551,85,67,63
6,Emmons,Jenna,1990-07-12,jenna1990@gmail.com,46,41,23,30,39,40,2;276,379,17
7,Hairston,Michael,1986-03-20,15,44,36,34,26;140,217,868,827
8,Gibbs,Jason,1982-02-14,jason.g@gmail.com,44,27,12,16,46,15,9
9,Flores,Devante,1992-06-29,d.flores1992@yahoo.com,42,28,38,35,24,2;579
10,Harvey,Rita,1947-03-22,ritah@yahoo.com,32,44,11,14,19;28,231,279,379,856,935
11,Hollingsworth,Chad,1993-11-22,chad.h5@hotmail.com,19,32
12,Jarrett,Darnel,1994-10-05,djarrett1994@gmail.com,1,24,31
13,Hall,Timothy,1964-08-09,timothyhall1964@hotmail.com,10,18,19,23,49,36;532,191,900,859,407,558,625
14,Campbell,Jammie,1951-03-15,round.heart51@verizon.net,27,21,19,38,16,43;595,92,789,420,227,235,786
15,Hendricks,John,1957-10-21,6,38,39,44;646,32,148,400,501
16,Wu,Roberta,1953-01-17,robertawu53@comcast.net,10,19,44;100,264,371,378,895
17,Smith,Wesley,1992-01-09,wesley.smith5@hotmail.com,39,22,38,20;6,71,159
18,Cook,Tom,1966-10-21,Tom1966@hotmail.co.uk,39,14;782
19,Miller,Anna,1976-05-26,Anna1976@att.net,50,26,44,27;543
20,Smith,Duane,1957-07-17,tired.horse2104@yahoo.com,20,19,9,4;809,943
21,Albright,Janice,1952-01-28,stiff_needle52@gmail.com,21,42,40;738,920,915,623,906,223,91
22,Berry,Jenna,1997-07-18,31,44,33,38,23,22;68,71,99,229,232,237,247,297,558,566,579,664,684,740,758,765,777,790,808,930,983
23,Fine,Jacquelyn,1969-03-26,material.whistle69@hotmail.co.uk,8,38,40,16,42
24,Young,Glenda,1957-08-31,g.young@hotmail.com;806,906,478
25,Barr,Billy,1954-08-23,b_barr@gmail.com,18,21,32;2,451,657
26,McNeely,Elizabeth,1950-05-23,21,10,1;353,764,315,429,121
27,Cartwright,Kirk,1961-03-29,kirk_cartwright1961@gmail.com,33,31,19,1;114,133,147,159,221,287,449,484,523,750
28,Waddell,Rose,1958-08-07,r.waddell@hotmail.com,39,21,31,44,9,2;730,330,10,75,621,973
29,Hanley,Danielle,1998-08-19,d_hanley753@gmail.com,36,12,23,38,33;114,899,37,221,231,311,350,441,596,666,752,765,910
30,King,Thomas,1959-03-07,thomas_k@yahoo.com,8,40,19;454,482,935
31,Phillips,Kelly,1971-03-13,great_hammer1971@aol.com,38,15,10,35,26;855,166,297,582,613,839
32,Hernandez,Barbara,1948-12-16,barbara327@gmail.com,16,33,39,12,22;900,15,219,828,403,285,609,619,664,705
33,Cobb,Kevin,1993-02-20,k_cobb@yahoo.com,44,39;48,905,522,389,845,427,448,681
34,Anderson,Karli,1982-07-14,karlianderson642@yahoo.com,1,8,16,12,36,13;502,699,141,280,664,711,806,817
35,Otto,Christopher,1977-01-24,christopherotto@gmail.com,48,7,40;324,702
36,Huang,Cynthia,1969-10-12,37,39,1,19,38;945,224,249,267
37,Webster,Jeffrey,1961-06-09,jeffreyw@aol.com,15,49,6;29,184,786,114,221,852,203,639,740,772
38,Smith,Bill,1959-04-22,26,43,1;342,459
39,Parker,Bruce,1948-01-04,Bruce1948@gmail.com,22,39,21,34;350
40,Phillips,Andrew,1960-03-01,a_phillips@aol.com,44,22,10;762,597,126,854
41,Green,Scott,1958-11-25,scottg@googlemail.com,36,39,44,43;589,184,293,577,600,655,941
42,Martin,John,1958-11-30,jmartin@aol.com,33,44,13,14
43,Wilson,Wendy,1970-07-09,automaticsock10932@yahoo.com,22,7,38,28;395,264
44,Campbell,Terry,1964-10-19,t.campbell10810@comcast.net,1,12,44,49;714,828,234,496,708
45,Sanders,Raymond,1996-04-10,raymonds@gmail.com,41,40,44,39,23,26,1;274
46,Pullen,Jason,1971-04-13,49,18,23,38;604,853,581,121
47,Boyer,Jessica,1986-03-18,jessica_b@aol.com,47,10
48,Francis,Debra,1955-04-10,dfrancis@googlemail.com,26,8,16,29,44,22,37,30;33,522,598
49,Dixon,Michael,1962-08-19,m.dixon@hotmail.com,7,2,12,37,39,46,21;650,879,780
50,Rowe,Sabrina,1993-01-27,7,3,26,24,39;786,514,853
51,Greene,Patrick,1947-05-06,patrick_g4@hotmail.co.uk,38,49,26,10,28,48;975,614,153,911
52,Lancaster,Kimberly,1974-11-03,sudden.tooth237@hotmail.com,21,1,33,38;460,469,489,508,514,582,657,669,969
53,Holt,Leslie,1957-03-20,l_holt@gmail.com,29,22;264,359
54,Aguilar,Paul,1956-06-12,paul1956@hotmail.com,26;315,555,913,532,304,757
55,Sharpe,Sara,1952-10-31,s.sharpe@gmail.com,43,23,36,34;614,806,992
56,Benoit,Carlos,1980-10-05,carlos_b@gmail.com,1,44,38,42;222,629,604,591,926
57,Vargas,Tom,1960-08-01,tom_v9@hotmail.co.uk,44,43,39,15,42,34,1
58,Morales,James,1967-12-05,jmorales@gmail.com,44,33,12,10;100,148,262
59,Crandall,Darren,1965-08-17,dcrandall@hotmail.com,43,36,40,38,8,15;930,129,782,97,144
60,Barrett,Delayne,1961-12-12,dbarrett61@hotmail.com,21
61,Wheeler,Lisa,1990-12-15,l.wheeler@aol.com,2,43,38;971,106,276,693,740
62,Williams,Breck,1993-01-22,breck93@hotmail.com,8,43,42,38
63,Brown,Melissa,1976-03-02,m.brown8@hotmail.com,23,44,31,8,2,46,40,19;5,932,118,411,524,993
64,Welsh,Alice,1964-08-28,beautifulbed444@gmail.com,37,1,14,23;546,429,979,620
65,Seymour,Clara,1987-01-02,cseymour@hotmail.com,44,6,41;574,828,308,598
66,March,Samuel,1951-11-08,samuel.m@gmail.com,42,41;110,114,237,282,309,456,504,514,602,740,830,856
67,Williams,Robert,1967-06-20,r.williams@yahoo.com,2,13,50,16,33,21;5,856,814,778,945,389
68,Anderson,Annie,1951-07-03,a_anderson311@gmail.com,30,33;595,22,153
69,Gunter,Sharon,1970-06-15,sgunter@hotmail.co.uk,44,47,7,43,21;74
70,Chisholm,Diane,1950-01-03,flat_whistle265@hotmail.com,4,31,33;711,900
71,Copeland,Jhon,1993-02-27,jhon93@yahoo.com,18,31;22,17,892,140
72,Thorpe,David,1992-07-10,d.thorpe@mail.com,33,9,47,2;625,975,205,613
73,Curry,Barbara,1946-02-26,b.curry1946@gmail.com,38,42,19,23;236,932,936,235,764,915,814,558
74,Hinojosa,Christopher,1983-09-04,c.hinojosa@hotmail.com,36,8,18,23,2;69,275,294,469,586,809,932
75,Bagley,Rex,1995-01-15,rex_b1995@gmail.com,38,13;28,772,660
76,Branham,David,1960-02-16,38,1,23,42;184,956,856,262,588
77,Kennedy,Lora,1962-05-14,lora_k@mac.com,18,32,47,1,36,34,27;260
78,Baker,Joyce,1952-04-29,j.baker@gmail.com,24,10,38
79,Dominguez,Monica,1987-08-29,monica.d291@googlemail.com,39;192
80,Rasmussen,Judith,1961-05-21,judith.r@hotmail.com,13,18,19,33,12,37;221,266,801,875,972
81,Everett,Kelly,1985-12-27,KellyEverett989@hotmail.co.uk,42,33,44,43,19;621,315
82,Tan,Richard,1998-03-21,35,16,23,41,8,22;308,717,305,144,698
83,Garcia,Benjamin,1982-12-19,Benjamin82@yahoo.com,41,6,38;764
84,Squires,Danielle,1996-08-24,first_tail96@yahoo.com,26,22,8,9,1;295,533,726
85,Oliver,Linda,1946-04-18,linda1946@gmail.com,43,41,18,32,39,23;5,351,482,602,850
86,Smith,Mikal,1989-09-20,Mikal1989@hotmail.com,38,33,22,47,2,36
87,Little,Miranda,1995-08-02,miranda_l@aol.com,44,8,37,38;235,899
88,Newton,Erin,1985-07-03,e.newton85@gmail.com,23,17,46,43,39,8,19,44,38;297,375,662,724,741,779
89,Chau,Gary,1957-09-11,g.chau583@googlemail.com,38,1,44,49,48,39,6,21;437,97,757,782
90,Jackson,Michael,1967-09-01,8,38,31;465,601,749
91,Howell,Curtiss,1972-02-12,elastic.rat4@hotmail.com,12,44,49,47;21,572,769,111,390,971
92,Beauchamp,Carol,1947-02-16,c_beauchamp@yahoo.com,12,33,30;14,964,854,97,147,475,576,912
93,Bueno,Glenn,1954-11-18,46,44;690,219
94,Edwards,Russell,1980-11-20,russell3@hotmail.com,27,2,46,23;433,454,311
95,Johnson,Steven,1954-02-10,s_johnson@yahoo.com,1,13,40,11
96,Lincoln,Brenda,1949-06-05,38,46,1,41
97,Bailey,Dustin,1983-04-26,chemicalbridge1983@hotmail.com,38,1,43,15,13,2;217,356,690,59,89,92,601
98,Davidson,Alfred,1958-03-19,a_davidson@hotmail.com,23,16,10;362
99,Fajardo,Angela,1978-09-01,a_fajardo@googlemail.com,34,26,13,48;437,460,22,338,291,595
100,Crowder,Alexandra,1997-04-02,alexandra_c@gmail.com,36,42,27,44,49,34,10;842,58,782,16,541,523
101,Ware,Emily,1997-02-26,e_ware@googlemail.com,39,26,2,36,44;233
102,Brown,Douglas,1963-04-27,douglas_b@hotmail.com,10,28
103,Strong,Andrew,1990-06-16,Andrew881@gmail.com,1,41,49,43;793,396,608,752
104,Leach,Amy,1980-10-03,stiff.nail4@yahoo.com,10,3,39;896,862
105,Lindberg,Jeremy,1979-09-12,jlindberg@gmail.com,37,28,44,30,38;628,142,398,514
106,Gomez,Jerry,1950-08-04,jgomez438@aol.com,44,16,13,38,43;61,932,621,642,572,977,261,329,460,650,707,798,853
107,Larson,Joan,1947-12-04,21,12,15,10,41;239
108,Walton,Keyaira,1996-02-24,49,47,13,37;617
109,Thomas,Muriel,1949-08-19,44,31,33
110,Fair,Kenya,1979-06-07,kfair10@googlemail.com,38,44,39,9,20;66,607,885
111,Flowers,Lorie,1972-05-18,l.flowers118@yahoo.com,15,23,14,8,38,7,26;840,482,147,91,857,135,354
112,Upchurch,Delaney,1993-11-12,delaney.upchurch@aol.com,16,47,21,32,10;979,390,576
113,Robinson,Joseph,1977-08-07,joseph_robinson@gmail.com,50,38,44,21;364,386,430,519,708
114,Gilmore,Anthony,1950-08-17,a_gilmore@msn.com,39,44,27;29,37,27,691,150,66,286,681,748,855,889
115,Garcia,Jorge,1983-05-01,18;436,965
116,Willard,Kevin,1998-01-29,likeangle7@gmail.com,44,41,49,39,38;678,704,784
117,Monroe,James,1999-08-16,j.monroe@yahoo.com,37,26,21;900,431,699,574
118,Nolan,Shewanda,1976-12-05,s.nolan@hotmail.co.uk,6,8,47;63,534,743
119,Elliott,Zachary,1985-05-06,zelliott@hotmail.com,44,43,34,47,12
120,Boyle,Steven,1978-11-07;734,932,286,250,543,717,747,830
121,Butler,Petra,1958-03-11,pbutler1958@googlemail.com,34,32,3,36,24;26,46,599,623,387,295,529,705,720
122,Jacobs,Daniel,1971-02-03,1,23,39
123,Lowery,Rebecca,1954-02-01,12,42,1,16;291,854,569,449,149,578,136,197,831
124,Chung,Dennis,1959-03-30,d.chung@hotmail.co.uk,1,2,47;1
125,Hunt,Rodney,1960-06-18,rodney.h@hotmail.com,2,42,43,39
126,Barber,Patricia,1946-09-05,pbarber1946@hotmail.com,21;40,675,833
127,Burleson,Tawnya,1979-08-07,3,27,8,36,47,22;772,296,856
128,Hudson,Jason,1975-02-08,jason3@aol.com,2,21;815,856,844,289,139,411,448,519,991
129,Olsen,Deborah,1964-06-26,regular.snake1964@hotmail.com,19,27,44;59,329,348,560,576,589,617,743,837,957
130,Romero,Valarie,1987-09-27,valarier@hotmail.com,1,13,26,21;178,231
131,Lewis,Sheila,1964-03-25,sheila.l64@aol.com,19,2,44;152,178,464,482,600,602,844
132,Carter,Jacob,1989-03-21,jcarter@hotmail.com,44,8;290,324,943,235,819,379
133,Connolly,Matthew,1974-11-17,1,34,21,39,37,33;610,310,318,649,27,250,291,398,429,839
134,Wheeler,Amanda,1987-06-18,amandawheeler@hotmail.com,41,39,10,13
135,Castle,David,1950-12-28,d.castle@yahoo.com,39,28,26,33;111,137,283,303,344,382,505,604,986
136,Swenson,Brian,1979-08-31,38,42,2;123,155,882
137,Dixon,Micheline,1972-01-27,Micheline_Dixon@hotmail.com,49,48,22,27,47,12;2,135,879,385,386,517,619,750,914
138,Baxter,Nancy,1954-07-06,nbaxter712@aol.com,10,39,6,40,13,44;827
139,Horton,Robert,1947-10-30,stickycushion82@aol.com,1,3,10,27,21;128
140,Beaver,Elizabeth,1955-02-06,longwatch8@hotmail.co.uk,36,1,33,6;7,71,996,856,302,783,837
141,Patel,Robert,1959-09-22,Robert59@gmail.com,37,22,40,38;34,271
142,Robinson,Bradley,1961-04-21,bradley.robinson1961@yahoo.com,36,15,34,44,26;105,358
143,Herron,Evan,1990-02-17,e.herron@gmail.com,19,49,38
144,Lee,Cassie,1993-02-17,c_lee@hotmail.com,2,14,21,26;859,715,82,980,59
145,Garcia,Benjamin,1984-05-08,round.hand12@yahoo.com,21,23;641
146,Brown,Frederick,1956-12-03,fbrown3@hotmail.co.uk,10,21,19,44,39,2,31,27,9
147,Benjamin,Kenneth,1958-12-10,kenneth.b@hotmail.com,31,7,2;111,358,920,814,92,588,235,27,183,392,532,563,651,652,838
148,Griffith,Shaylyn,1998-03-10,39,44,40,35,2;512,58,595,809,15,614,407,503,517,576,631,872
149,Ramirez,Pamela,1956-11-25,pramirez@gmail.com,39;123,527,150,287,379,622,777
150,Pritchett,Jesus,1998-03-10;114,591,149,837,854
151,Bailey,Patrick,1997-02-11,pbailey@hotmail.co.uk,6,2,26;176
152,Simpson,Michael,1975-11-20,m_simpson75@hotmail.com,43,18,28;320,546,131
153,Esquivel,Michael,1960-11-06,m_esquivel@hotmail.co.uk,23,13,38,6;51,68,401,390,637
154,Meehan,Kristina,1993-08-22,present_pin93@yahoo.com,27,34;561,854,809,286
155,Nichols,Tesia,1995-02-23,free.comb1995@gmail.com,36,9,41,18;537,711,700,136,919
156,Robison,Jacob,1994-06-04,Jacob.Robison@gmail.com,38,19,15,33,26;396,764,316
157,Rock,Linda,1969-01-18,lrock6@hotmail.com;697,782,896
158,Caswell,Jennifer,1974-01-19,Jennifer_Caswell@yahoo.com,26,12,8,27;999,585,683
159,Doyle,Emily,1981-03-07,8,42,12;27,17,701,380
160,Andres,Heidi,1965-11-14,h_andres65@yahoo.com,3,41,44,48,1,2;774
161,Jones,Patti,1945-10-23,pattij@gmail.com,26,3,2,13,27,38,33;184,960
162,Casey,Darian,1993-01-18,6,34,1,13;443,832,646,649,262,702
163,Simmons,Susan,1960-11-28,1,38,23,6,43;262,557
164,Jackson,Agnes,1984-06-17,Agnes.Jackson@gmail.com,38,49,44,21,26;886
165,Brown,Robin,1968-06-11,robin68@gmail.com,9,44
166,Allen,Charles,1962-08-15,tall_pencil745@gmail.com,27,43,15,34;31,857,380,693,342,600,966
167,Rubio,Alyssa,1993-08-02,alyssar@yahoo.com,14,38,13,2,46,33,6;338,779,870
168,Maynard,Sheila,1965-02-15,open_bell7428@aol.com,24,11,35;620,919
169,Lopez,Jay,1970-09-05,j_lopez9@hotmail.com,21,38,39;853
170,Olivas,Judy,1949-12-10,38,26,1,36,46,31;441,431,470,589,889
171,Hunter,Jerry,1945-04-07,jhunter@hotmail.co.uk,39,1,6,36;693,281,551,732,222,504,573,719,730,782,930,961,994
172,Gale,Nathan,1983-02-18,nathan.g@gmail.com,22,38,27,33,36;362
173,Turpin,Beverly,1954-08-13,bturpin1954@hotmail.com,33,41,22,18,43;275,287,576
174,Cortez,Rhonda,1960-09-17,rcortez@hotmail.com,22,4,26,10,8,33;690,351,876,558,260,389
175,Hutchins,Matthew,1996-05-18,m.hutchins35@googlemail.com,22,36,23,41,8,10,1;205
176,Allen,Lesley,1948-10-18,2,46;151,869
177,Wolfe,Pamela,1969-11-30,pamela.wolfe1969@gmail.com,19,1,20,38,49;817
178,Howard,Rachelle,1970-09-22,rachellehoward@hotmail.com,19,31,1,2,23;717,700,379,130,131,670,778
179,Franklin,Mary,1976-10-03,18,32,6,43,2;764
180,Hernandez,Deborah,1967-07-24,3,44,16,33,37;644,417,642,980
181,McFadden,Ruth,1964-07-24,rmcfadden@hotmail.com,6,33,49;249,399,633
182,Church,Mitchell,1995-10-08,19,1,49,29
183,Harrison,Cristina,1959-12-08,c.harrison59@hotmail.com,1,8,39;841,147,221,376
184,Myers,Joshua,1999-11-11,jmyers595@yahoo.com,22,42,28,33;37,41,76,161,206,368,424,568,767,856,870,885
185,Berry,Ivy,1992-01-27,23,1,21,49;396
186,Torres,Mark,1963-11-06,mark.torres@yahoo.com,19,44,27,25,40,1;362
187,Stephens,Lisa,1970-10-22,l.stephens@hotmail.com,36;557,956
188,Jennings,Linda,1949-05-16,l_jennings@hotmail.com,39,32,9,42
189,Paul,Robert,1978-09-14,r_paul@gmail.com,44,39,43,12;239,311,601,716
190,Horton,Johnie,1978-04-16,j_horton8@gmail.com,26,6,37,12,27,28,38
191,Jackson,Susan,1964-05-01,great.bottle3@gmail.com,36,42,33,19,39,22,43;13,889,266,325,729,967,411,517,944
192,Yanez,Robert,1988-10-06,robert_yanez@aol.com,2,24,27,16;79,566,672,892
193,Taylor,Chad,1974-09-10,fixed.parcel1974@yahoo.com,49,10,42;424
194,Butler,Joann,1965-01-15,joann_b1965@gmail.com,19,12,17,27,34,28,46;415,250,367,449
195,Mendez,Tamatha,1970-03-20,tmendez@hotmail.com,12,26,38,40
196,Huff,Amanda,1993-06-20,tight.wing1993@gmail.com,24,39,21,26;539
197,Waite,Alandra,1979-02-09,47,10,2,49,44,9,19,42,18;374,575,123
198,Phillips,Jaime,1990-06-30,jaime_p789@googlemail.com,47,2;629,941,534,886,437,866,917
199,Donovan,James,1948-10-30,jamesd@gmail.com,41,39,31,44,18;936,808,548
200,Busby,Rusty,1957-11-20,Rusty2310@hotmail.com,44,6,14,39,27;4,267,815,654
201,Summers,Dustin,1993-07-01,dsummers@yahoo.com,44,2,9,28,24
202,Bullard,Candace,1953-04-17,present.pot53@gmail.com,10,13,22,12;671
203,Burris,Kristoffer,1990-04-25,kristoffer1024@gmail.com,33,44,42;37
204,Guevara,Mahlon,1956-01-30,m_guevara@hotmail.com,38,10;748,399,588,467
205,Nugent,Henry,1994-07-12,henry_nugent8@yahoo.com,2,26,33,22;72,992,608,175,544,573,744
206,Burgess,Regina,1971-03-10,regina.burgess1@yahoo.com,8,10,49,36;184,455,262
207,Farley,Mike,1966-02-23,m.farley7510@yahoo.com,46,1,22,33;351
208,Williams,Jared,1988-08-01,38,10,33,1;347,761,384,831
209,Estep,Frederick,1970-02-16,f_estep@hotmail.com,44,3,49,23,12,16;973,389,697
210,Glover,Nena,1980-05-26,nena_g@hotmail.com,18,33,19,2,34;963,889
211,Gulley,Denny,1946-06-25,13,4,28;309,973,720,261,953
212,Parks,Peter,1970-11-14,p_parks@yahoo.com,26,33,29;408,462,513,637,875,985
213,Gaines,Jackie,1949-12-29,jackiegaines@aol.com,22,23,38,13
214,Gill,Noreen,1958-07-20,n.gill@yahoo.com,43,44,34,23,47;218,715,879
215,Tellez,Angela,1974-08-03,angela1974@gmail.com,40,23,2,44,43
216,Arteaga,Bruce,1959-07-24,Bruce59@yahoo.com,38,11,34,1,19;227
217,Reid,Steven,1968-04-28,8,12;7,97,818,293,362,582,869
218,Dominguez,David,1952-07-23,david_dominguez5@hotmail.com,16,7;214,806
219,Robinson,Lester,1973-09-14,1,44,27,38;32,93,360,390,435,965
220,Wright,Perry,1962-08-15,p.wright@hotmail.co.uk,19,41,43,28;843,387,543,275,456,556,952
221,Frazier,June,1959-11-30,j.frazier@googlemail.com,43,19,22,38,1,39;37,183,80,29,27,350,435,604,944
222,Suarez,Elizabeth,1972-09-27,esuarez2810@hotmail.com,13,41,39;56,585,171,770,608,559
223,Bishop,Damon,1968-12-23,33,23;21,544,839
224,Holland,Justina,1968-07-31,justina_h@gmail.com,21,41,17,26,1;36,607
225,Tackett,Joseph,1999-05-26,joseph.t@hotmail.com,18;729,821,957
226,Corey,Douglas,1973-08-12,Douglas_Corey@mac.com;719
227,Price,Kaitlin,1991-07-17,deep.match91@hotmail.co.uk,8,40,33,42,47;14,216,533,678,785,831,985
228,Avila,Timothy,1951-05-08,tavila2@yahoo.com,26,1,8;342,385,456,551,809
229,Fuller,David,1962-10-09,d.fuller@hotmail.com,12;699,481,275,570,22,718,719,407,546,600,855
230,Perez,Adam,1977-08-11,a_perez@hotmail.com,34,33,27,2,8
231,Brown,Megan,1985-01-24,16,46,23;275,130,284,262,246,827,10,825,480,29,394,796
232,Whaley,Glenda,1947-11-07,glendawhaley@googlemail.com,3,44,31,43,29;22,393
233,Palmer,Richard,1967-08-14,r_palmer2910@gmail.com,13,23;101,424,838,856
234,Brooks,Katie,1995-11-20,33,42,12,3,43,49;44,853,351,943,247,590,802
235,Beard,Amber,1982-05-24,21,28,6,44;14,73,87,132,147,327,504,544,551,711,729,777,837,898,906,986
236,Jordan,Kevin,1983-03-03,kevinjordan@hotmail.co.uk,27,1,49;73,543,686
237,Merrill,Jerrold,1964-09-17,JerroldMerrill@yahoo.com,44,27,46,16,8,23,19;562,611,22,66,274,578,601
238,Kraft,Jeffrey,1973-09-26,jeffrey_k@gmail.com,34,2,13,44,32,28;596
239,Johnson,Sandra,1955-11-16,s.johnson1955@gmail.com,49,27;353,539,623,189,364,107
240,Trejo,Krystal,1983-01-04,k_trejo@yahoo.com,19,23;691,672
241,Riley,Kevin,1966-08-29,k.riley@yahoo.com,39,42,43,47
242,Stevens,Catherine,1983-12-19,20,11
243,Castro,Steven,1967-09-03,s_castro183@aol.com,44,24,25,42
244,Gomez,Patrick,1973-04-10,p.gomez@yahoo.com,12,38,1,8;999,478,274,467,956,835,247,415,451,697,744,868
245,Miller,Spencer,1993-05-23,23,42
246,Morales,Amanda,1978-03-10,a.morales@yahoo.com,12,39,7,44;231,289,380,853,972,992
247,Atkins,John,1981-10-17,john1981@aol.com,40,44,23,21,1;234,244,711,315,22,915,289,319,445,451,557,806
248,Sparks,Terri,1958-11-25,t.sparks@yahoo.com,34,26;908,449,802,800,615,743,837
249,Beal,Jamie,1953-12-13,Jamie3@hotmail.com,7,44;36,181,452,531,824,849
250,Smith,Patsy,1954-03-25,patsy1954@gmail.com,3,26,33,38;194,133,120
251,Bermudez,Rachele,1989-02-07,r.bermudez@comcast.net,18,38,3,47
252,Leon,Joseph,1965-08-31,joseph.l1965@yahoo.com,23,16,26,27,21;649
253,Cooper,Ann,1946-12-20,annc@googlemail.com,21,28,1,7,10;258
254,Jimenez,Scott,1965-08-11,scottj@hotmail.com,15,16,42,19,13
255,Chase,Timothy,1966-11-21;282,433,668,693
256,Beckwith,Cara,1963-07-14,c_beckwith@hotmail.com,12,44,7,43,39,38
257,Madison,Shanice,1997-03-07,33,44,41;319,461
258,Woodard,Michelle,1980-07-05,michelle_w427@gmail.com,8,39,18,49,31;253
259,Taylor,Sidney,1999-11-16,staylor@hotmail.com,3,48,19
260,Kirkland,Russell,1991-03-03,44,23;77,174,801
261,Bean,Christopher,1982-05-30,ChristopherBean@hotmail.com,22,33,2,46,43,4,41;778,211,106,296,438
262,Ortiz,Carroll,1952-05-14,c_ortiz@gmail.com,14,38,9,34,36,26,49;76,163,206,231,162,853,436,394,832,58,274,582,926
263,Metz,Anne,1958-08-11,anne.m@hotmail.com,47,26;839,918,672
264,Moyer,Alton,1945-08-19,a_moyer@gmail.com,21,33;53,611,368,427,43,16,929,569,726,389
265,Hicks,Sean,1980-10-17,sean338@hotmail.com,44
266,Estrada,Denise,1956-04-01,denise_e@hotmail.com,26,23,44,19,22,9;191,80,972,467,358,657
267,Mathis,Edmond,1947-11-15,48,31,49,2,10;200,36,859,546,878
268,Hall,Enrico,1985-12-03,e_hall@hotmail.com,22;278,449
269,Flores,Victoria,1960-07-23,v_flores@hotmail.co.uk,27,16,47,26,19
270,Toledo,Kelli,1969-06-12,conscious_muscle1969@hotmail.co.uk,33,23;719,311,400,378,558,575
271,Shultz,Keishon,1998-12-19,keishon8@hotmail.com,36,44,31,6,34;754,141
272,Swift,Jennifer,1982-06-21,jennifer.swift@yahoo.com,8,42,46,12,43,38;549
273,Bowers,Ronald,1962-03-11,rbowers@hotmail.com,47,13,8,49
274,Harding,Lynn,1946-04-09,l.harding@yahoo.com,21,23,44,27;244,262,237,45,368,750
275,Battle,Shawn,1973-05-27,s.battle@gmail.com,34,21,2,1;173,229,231,614,636,848,74,418,939,913,960,220,885,953,983
276,Cox,Karen,1953-03-05,44,36,38,13,43,39,42;6,61,563,855,519,831,839,870
277,Sexton,Jeff,1968-12-04,jeff.s@hotmail.com,33,44,19,37,27
278,Hull,Derek,1979-10-24,38,24,49,33,12;268
279,Lucas,Matthew,1999-05-05,42,13,9,43;10,356
280,Williams,Eugene,1964-02-13,21,48,23,15,27,39,43;4,699,578,818,34,768,296,368
281,White,Mark,1996-01-19,28,23,13,33;171,906,350,362,364,855
282,Maxey,Aaron,1982-03-26,amaxey666@gmail.com,23,13,19,26,32;644,66,255,315,567,314
283,Bolden,Jennifer,1972-01-29,22,10;135,313,996
284,McCoy,Alexander,1992-10-12,elastic_curtain92@googlemail.com,14,34,40,44,3;231,401,628,642
285,Kitchens,Robert,1957-11-27,robertk624@hotmail.com,24,23,1,39,36,19;32,649
286,Watts,William,1974-07-06,williamw1974@hotmail.co.uk,27,31;114,120,154,548,730,835,994
287,Reed,Arielle,1989-08-03,grey_brake5@gmail.com,23,28,18,1,37;173,27,149,375,557,657,754,786
288,Stevens,Buffy,1953-05-10,buffy6@hotmail.co.uk
289,Davidson,Joel,1997-08-22,12,2,15,27;128,246,754,930,247,302,529
290,Brown,John,1976-05-09,aciddoor5105@yahoo.com,15,26,41;132,610,410,855,860,926
291,Hubbard,Alexis,1997-02-20,ahubbard21083@hotmail.com,2,9;123,133,913,595,99,800,574,327,424,434,637,757,912
292,Herrera,Rebekah,1991-08-04,rebekah7@me.com,16;320,662
293,Brady,Gabriel,1979-04-18,gbrady@gmail.com,8,12,49,10;41,217,786,586,778
294,Carrillo,Matthew,1999-03-18,grey.chain615@yahoo.com,38,44,22,33,40,43;742,672,74
295,Hodges,Donald,1947-11-30,40,49,13,33;379,657,689,121,84,588
296,Gonzales,Gregory,1972-01-25,ggonzales1972@hotmail.co.uk,27,22,36;3,127,261,280,648,744,387,360,534,705,831,834,956
297,McKenna,Gordon,1974-09-06,gordon.m74@aol.com,33,23,6,27,22;31,22,348,377,303,88,853
298,Jones,Angela,1974-09-02,angela.jones@gmail.com,2,19,44,38,27,26
299,Hall,Robby,1966-08-27,r_hall7@gmail.com,47,46,33,20,2;548,910
300,Keefe,Martha,1950-02-12,marthakeefe855@gmail.com,47,23,33,22,44,40,31;523,429,551,825,813,403
301,Stokes,Gary,1986-11-19,Gary395@hotmail.com,2,38,44,39,10,31,22,27,42;768,551,377,748
302,Clayton,Amanda,1990-04-24,Amanda_Clayton@yahoo.com,28,42,12,10;289,140,778
303,Harper,Christopher,1969-09-20,c.harper649@gmail.com,21,22,27,34,41;135,297,814,379,422,772,777,986
304,Sandoval,Willie,1985-08-12,willie85@gmail.com,18,39,26,44,1;717,54,790
305,Collins,Juan,1999-07-01,21,33,36,44,41;82
306,Muller,Christopher,1982-05-07,christophermuller@gmail.com,36,34,8,10,26,42;659
307,Nichols,Carrie,1975-01-21,Carrie463@hotmail.com,31,38,12,10;347,350,357,420,514,588,668
308,Craig,Jacqueline,1949-06-05,j.craig@aol.com,19,23;65,82,956,309,980,801,936
309,Mitchell,Amanda,1990-10-12,amanda.m@aol.com,22,16,7,31,43;211,308,699,66,930,921
310,Inman,Scott,1960-10-24,sinman@hotmail.co.uk,23,15,46,38,37,4;133,312,849,588,420,556,616,768,856,858,947
311,Perry,Timothy,1954-04-14,full.fish9@hotmail.co.uk,38,39,34,41;270,816,189,94,852,934,29,329
312,Mitchell,Alexis,1993-05-12,alexis93@yahoo.com,38,39;310,634,721,915
313,Rodriguez,Elizabeth,1987-09-08,elizabethrodriguez7@gmail.com,40,33,8,23;283,628
314,Lewis,Maleny,1993-09-26,maleny_l@gmail.com,43,38,21,15;282
315,Prado,David,1952-12-07,dprado@gmail.com,16,33,42,2;26,54,81,247,282,421,519,589,601,930
316,Jeffers,Tanya,1978-06-14,15,21,33;977,156,327,624,769
317,Arnold,Stephen,1959-07-29,s_arnold@yahoo.com,7,27;892
318,Butts,Gilberto,1977-09-11,g_butts@gmail.com,2,18;133,351,562
319,Brown,John,1948-10-08,john.b@yahoo.com,33,31,8,10,21,34,44;257,247,538
320,Gonzalez,Catherine,1991-05-06,boilingegg3@googlemail.com,33,3,16,42,35;152,292,691,527
321,Justice,Bonnie,1961-08-01,b_justice@gmail.com,19,14,38,44;718
322,Tyler,Lauren,1996-02-05,lauren.t@hotmail.com,21,31,46,13,47;567,986,523
323,Good,Todd,1966-04-02,t.good@hotmail.co.uk,33,8,23,6,36,13,31,22;840
324,Young,Myrna,1986-07-12,m_young@gmail.com,47,44,48,38;132,346,35,892,424
325,Stevenson,Johnny,1972-03-21,johnnystevenson@hotmail.com,44,46,26,39,42;191,404,341,337,941,588
326,Macias,Anthony,1968-08-26,amacias7@googlemail.com,44,27,13
327,Acosta,Janet,1956-10-06,JanetAcosta@gmail.com,43,26,44,49,3,23;662,731,316,235,919,701,291,854
328,Nguyen,Terrence,1946-04-19,terrence.n1946@hotmail.com,21,18,46,23,44,26
329,Brown,William,1963-10-16,wbrown@hotmail.com,8,44,33,50,31;311,344,129,953,106,739,833
330,Garcia,Joe,1953-03-17,joe.g@yahoo.com,47,23,44;28,919,987
331,Khan,Wendy,1969-02-16,wendy484@googlemail.com,38,28,7
332,Kelly,Brett,1968-06-03,43,34;959,857,466,605,758,764,809,863
333,Pena,Robert,1949-02-12,r.pena@gmail.com,27,12,32,26;554,769,387,519,650,740
334,Mathis,David,1970-10-20,David824@hotmail.com,36,1,16,44,38,21,26
335,Martinez,Danny,1947-08-25,dmartinez@yahoo.com,36,41,7,27;402
336,Pierce,Sonya,1968-06-24,43,12
337,Freeman,Opel,1977-03-23,opelfreeman77@yahoo.com,18,38,44;325,448,616,628,899,936
338,Mackenzie,Catherine,1983-01-28,42,34,32,44,18,33;99,167,653,879
339,White,Steven,1953-06-29,s.white267@aol.com,48,41,39,38;912
340,Bauer,Mariana,1998-06-30,mariana1998@hotmail.co.uk,30,26,27,18
341,Allen,Dorothy,1951-09-25,dorothy51@yahoo.com,38,46,31,25,41;325,756,822
342,Rivera,Chris,1967-05-08,crivera7@gmail.com,23,38,40,44,26;38,228,166,403
343,Flores,Tony,1998-09-06,tony.flores6@gmail.com,34,44,47,10,31,13,33;591,813,437,693,365,697,708,790,945
344,Esparza,Allison,1994-01-14,allison.e@gmail.com,10,36,38,33,2;329,135,943
345,Yates,Jonathan,1958-01-23,jonathan39@gmail.com,21,44,14,8;511,449
346,Faulkner,Sally,1962-12-06,s.faulkner@yahoo.com,18,23,27;324,447,932,744,742,800,866
347,Russell,Tamara,1983-03-02,43,38,12,15,3;208,569,771,307,449
348,Levine,John,1984-06-08,johnl@hotmail.com,40,37,11,33;297,375,129,752,745,919
349,Estrada,Belinda,1951-04-28,49,26,37,43,44,2;379,399,822,917
350,McFarland,Mary,1949-01-05,m_mcfarland@yahoo.com,27,2,22;711,913,281,39,221,806,29,307,868,894
351,Cerda,Mercy,1998-05-19,longbucket1998@aol.com;174,207,234,318,85,374,545,561,657,741
352,Schultz,Lois,1960-03-21,6,31,38,41;541,505,672,713
353,Avery,Matthew,1988-04-15,14,24,26;26,239,389,916,567,569,826,632,724,758,967
354,Parker,Cheryl,1950-01-25,21,19,32,8,44;111,968,856
355,Sellers,Brenda,1957-10-04,40,16,21,33,44;485,418,467
356,Holloway,John,1989-06-25,36,23,37,27;97,279
357,Hickey,Gary,1947-12-08,g_hickey@gmail.com,12,23,44,38,19;452,307
358,Cline,Cynthia,1960-03-26,19,3,6,8;147,553,266,655,142,421,448,471,573,673,739,765,912,965
359,Love,Ellen,1951-10-01,e.love1951@hotmail.co.uk,28,43,38,33,23;53,748,432,531
360,Campbell-Wright,Cynthia,1993-02-04,cynthia_campbellwright@hotmail.co.uk,12,43,44,10;650,296,219,818,480,670,986
361,Barbosa,Katrina,1971-11-26,38,33,37,7,44;734
362,Jenkins,John,1966-09-29,john_jenkins@gmail.com,3,44,7;186,98,626,172,570,281,217,761
363,O'Neal,Cassidy,1977-01-31,coneal@gmail.com,44,39,18;866,516
364,Skipper,Patricia,1982-04-20,2,7,39,26;239,748,281,375,113
365,Jordan,Xavier,1967-11-02,full.curtain389@gmail.com,12,7,1,42;432,483,343,977,899,726,606
366,Wells,Yvonne,1956-05-26,y.wells@icloud.com,38,44,39,22,19,27;398,671,765,821,932
367,Arreola,Carol,1958-05-25,Carol_Arreola@hotmail.co.uk,6,2,44;194,916,566,747,922
368,Vargas,Lynnsey,1983-01-24,Lynnsey83@aol.com,13;264,274,280,184,437,601,913
369,Huffman,Hilario,1950-07-05,hilarioh@gmail.com,3,27,23;615
370,Crawford,Kathleen,1948-04-27,Kathleen_Crawford@gmail.com,39,41,12,43;770,591,380,633,638,729,739,957
371,Osborn,Katie,1982-04-26,kosborn@yahoo.com,43,15,12,14;16
372,Klein,Dexter,1965-08-26,Dexter3@gmail.com,13,36,47,26,8,2,11
373,Rhodes,Carin,1975-11-19,carin.r@msn.com,9,34,14,1,3;885
374,Conrad,Jeannette,1973-06-17,bright.pipe8@gmail.com,21,23,38,26,27;197,351,440,888
375,Murphy,Katelyn,1993-01-15,kmurphy@yahoo.com,41,49,10,4,13,44,18,40;348,364,765,762,88,287,397,599,609,798,863
376,Allen,Robert,1952-06-23,3,13,6,38,2,26,42,7;183,816,759,776,859,542,673,388,772,452
377,McCloskey,Heather,1989-07-25,heather.mccloskey89@hotmail.com,40,39,16,1;297,301,541,539,481,542
378,Clark,Ashley,1982-05-30,ashley82@aol.com,19,38,27,16,18,12;270,962,16
379,O'Neal,Lacey,1982-05-31,lacey8105@hotmail.com,44,6,38,21,27;6,132,178,295,303,149,349,10,447,543,708,712,900,917,983,994
380,Bean,Ashley,1969-05-21,38,42;159,166,943,246,478,370,711,866,912
381,Delgado,Maribeth,1950-10-06,maribethd@yahoo.com,6,1,13,33;391,554,451,466,698
382,Lopez,Thomas,1948-03-26,ThomasLopez493@yahoo.com,38,44;135,975
383,Mora,Andrew,1973-02-01,a_mora@hotmail.com,23,6,40,44;905,843
384,Harris,Monica,1946-08-27,stickytray1028@hotmail.co.uk,41,27,29,43;208,849,691,875
385,Gary,Stephen,1996-07-23,chiefhat1052@hotmail.co.uk,34,26,31;816,228,558,137,882
386,Frederick,Kelley,1982-08-30,k.frederick@hotmail.com,39,33,38,50,40,2,43,1,31;726,693,137,556,113,825,471,508,532,863,936
387,Hogan,Thomas,1967-11-17,red.brush7@hotmail.com;121,220,296,333,859,856,568,390,430,772,956
388,Arnold,Lynne,1957-07-15,l_arnold@hotmail.co.uk,31,26,8,39;376,672,609,702,994
389,Bateman,Marlene,1962-03-06,m_bateman@yahoo.com,13,6,36,34,47;33,209,353,174,264,67,400,429
390,Williams,Elizabeth,1948-07-31,ewilliams@hotmail.com,44,2,20;387,112,91,711,473,219,153,601,512,437
391,Robles,Mary,1945-10-11,37,26,35,44,43;381,741
392,Hagan,Chad,1973-07-17,2,32,42,1,38,33,21;626,999,147,778
393,Mead,Gordon,1964-06-21,gmead@yahoo.com,36,37,1,27,39,44;232,647,919
394,Decker,Valarie,1973-04-15,valarie.decker@gmail.com,11,48,33;231,262,601
395,Ross,Ronnie,1955-09-30,rross@gmail.com;43,684
396,McCullough,Asia,1989-01-25,a.mccullough@hotmail.com,46,36,44,9;103,156,185,404,406,817,875
397,Lozano,Renee,1979-11-11,renee.l@gmail.com,42,19,27,6,41,48,44,38;375,469,515,735
398,Daniels,Charles,1948-05-01,clear.comb1948@gmail.com,46,24,32,12;105,640,758,868,711,133,814,366
399,Smith,Troy,1973-10-04,Troy_Smith@hotmail.com,37,21,7,43;181,204,971,349,468,437,747
400,Hinojosa,Kenneth,1949-09-03,KennethHinojosa@gmail.com,31,43,16,2,23,49,37;270,940,546,389,15,971
401,Chisholm,Sandra,1965-11-10,schisholm@hotmail.com,44,3,33,23,43,37,38;153,437,284,856,653,968
402,Haynes,Elizabeth,1984-10-01,elizabeth.h@hotmail.com,16,44,49;335
403,Patterson,Davina,1975-10-14,31,28,26,16,49;32,300,342,578,624,866,889
404,Proctor,James,1964-11-02,james_proctor9110@hotmail.com,49,27,2,15,16,44;325,396,426,944
405,Norman,Gabriel,1983-08-19,gabriel_n@hotmail.co.uk,20,1,38;649
406,Roberts,Ricky,1988-12-28,ricky1988@gmail.com,15,47,36,44;927,591,562,396,956
407,Soares,William,1967-06-30,32,42,44,12,35,21,27;148,13,229,706,980
408,Hansen,Avis,1956-06-28,38,20;212
409,Trinh,Cynthia,1947-10-20,c.trinh@gmail.com,33,27,11,44
410,McNeal,Rhonda,1957-06-20,22,44,33;885,876,482,290,622,912
411,Brown,Leonard,1950-10-11,33,13,15,37;128,191,63
412,Gray,Michael,1978-07-06,michael_g@gmail.com,24,2,10,9,44
413,Alvarez,James,1947-04-06,39,11,38,22,33;673,711,715,838
414,Armstrong,Michael,1961-06-10,michael.a@msn.com,6,35,25,19,13,18;752
415,Green,Constance,1946-06-13,c_green@msn.com,15,2,41,7,39;4,194,244,576,925,614,852,970,435,619,756,900
416,Amador,Adilene,1988-04-02,a_amador@gmail.com,1,26;469,811
417,Kaplan,Geoffrey,1996-08-28,gkaplan81085@hotmail.co.uk,21,27,15,6;180,725,588,655,968
418,Willoughby,Susan,1968-05-07,s_willoughby@yahoo.com,43,41,10,38;275,355,450,562
419,Peterson,Charlotte,1947-04-26,c_peterson@gmail.com,44,6,12,24
420,Barnes,Eleni,1996-01-30,Eleni_Barnes@gmail.com,33,44,13,15;14,569,310,307,599
421,Cross,Galen,1980-03-14,g_cross@gmail.com,24,19,37,44,33;794,315,358,828,802
422,Ralston,Robin,1987-12-09,robin.r@gmail.com,22,2,16,38,48;303
423,Wood,Amanda,1977-10-16,a.wood@yahoo.com,31
424,Brewer,Christine,1951-08-03,23,13,39,36,33,19,49,9,2;193,233,574,184,857,693,324,291,548,568,586,655,791
425,Miller,Amanda,1987-01-19,a.miller@comcast.net,43,2,36,23,39
426,MacDonald,Alfonso,1999-10-06,amacdonald@gmail.com,26,21,19,18,16,22;443,927,959,436,404
427,Perez,Sally,1948-08-12,sallyperez814@hotmail.com,2,26,37,1,17;33,264
428,Alvarado,Steven,1969-09-11,Steven69@hotmail.co.uk,12,15,38;482
429,Fontaine,Brenda,1956-06-05,brendaf@hotmail.com,43,15,13,34,7,22,21;26,64,300,133,389,987
430,Milner,Brenda,1947-02-01;113,969,387
431,Jones,Michael,1969-05-29,m_jones@gmail.com,10,22,41,46;117,437,170,588,913,931
432,O'Leary,Deborah,1957-06-30,deborah_o@gmail.com,39,40,31,8;359,365,503
433,Cooper,Andrew,1965-07-03,a.cooper@icloud.com,7,34,36;94,255
434,Williams,Joshua,1996-10-23,acid.sponge96@gmail.com,38,44;291,896,549
435,Barker,Regina,1980-03-27,deeppump1980@yahoo.com,23,44,2,24,12;219,741,221,517,415,946
436,Burnett,Jennifer,1974-10-12,Jennifer1974@yahoo.com,27,34,21;262,426,115,610,993
437,Johnson,Jacqueline,1990-07-11,j.johnson5146@hotmail.com,40,8,17;89,99,343,401,431,198,600,390,399,368,448,698,765,855,968
438,Woods,Louis,1960-11-06,38,44,16,34;261,708
439,Morgan,Donald,1950-03-05,d.morgan@gmail.com,23,49,8,26;617,761
440,Palmer,John,1979-05-08,john.palmer16@hotmail.com,16,34;374,616,777,961
441,Ames,Shelby,1967-07-26,sames@hotmail.com,42,21,43,36,26,39;170,29,990,770
442,Wilson,Michele,1973-02-08,44,38;853
443,Patterson,Jason,1987-04-06,42,10,34,26;162,426,719,765,831,935
444,Arnold,Dennis,1950-11-10,dennisa@hotmail.com,13,21,39,26,40,44
445,Alvarez,Ashley,1986-07-07,14,44,39,46;247,813,866
446,Joyce,Guy,1945-11-06,guy_joyce1945@yahoo.com,27;643
447,Rand,Miranda,1994-09-13,26,13,43,39,47;346,379,459,464,504,548,549,613,721,724,837,932,967
448,Osborn,Regina,1946-09-23,38,16,39,50,20,27;437,690,358,128,996,691,337,548,33,957,892
449,Rogers,Lorna,1950-06-23,lornar@att.net,15,27,9,18,10,13,2,36,34;123,248,268,345,194,27,347,459,546,621,633,716,757,956,971
450,Dunn,Robert,1976-07-19,47,10,42,26,7;778,612,418
451,Hare,Rachel,1985-02-08,r.hare753@hotmail.com,44;381,247,841,848,244,25,690,712,546,818
452,Coy,Tonya,1973-12-25,tcoy@gmail.com,8,33,28,32;357,376,249,598
453,Hill,Gina,1969-05-15,33,43,22,30
454,Bair,Dwight,1975-08-01,49,38,33,18;94,30,804,539,686
455,Johansen,Wendy,1971-05-15,Wendy9210@gmail.com,33,44,27;206
456,Brown,Teri,1961-11-01,teri_brown@aol.com,10,21;964,66,220,228,650
457,Roth,Charles,1986-02-21,early.pig41104@hotmail.com,22,38,12,44,23
458,Harris,Micheal,1953-11-22,m.harris@googlemail.com,27,44,8,26,21,38
459,Evans,Debbra,1967-09-24,sharp_stem5@gmail.com,37,39,27,21,12,4;449,610,835,447,798,38,932
460,West,Daniel,1975-08-04,d_west8@gmail.com,13;99,610,649,106,603,52
461,Singleton,Diane,1948-04-16,diane_s48@hotmail.com,10,2;865,257
462,Wilson,Diane,1962-03-03,1,10,26,6,16,27,23;212
463,Taylor,William,1968-12-13,william_t@hotmail.com,16,38,34,14,24;842
464,Dorsey,Theresa,1955-04-08,Theresa1955@gmail.com,44;131,447
465,Danner,Rachel,1985-09-27,43,8,39,41,12;90,498,601
466,Alvarez,Ralph,1960-04-26,ralvarez@gmail.com,27,8,9,33,38;381,332,818,697
467,Greenwood,Margaret,1952-06-03,27,2,38,44,33,43;204,244,266,355,505,577,582,686,780
468,Smith,Edward,1966-01-26,esmith1966@aol.com,38,22,19;399,570,739,790
469,Selby,Margaret,1945-10-12,mselby8@yahoo.com,23,43;397,416,74,52,949,957
470,Owen,David,1957-05-02,chiefmouth61610@yahoo.com,44,4,48;170,622
471,Mathis,Karen,1990-12-26,k_mathis@gmail.com,27,41,28,39,13,33,2;386,358,551,608,882
472,Flores,Shawn,1982-11-10,shawn82@googlemail.com,18,1,22,27,9;619
473,Bradley-Shipley,Elizabeth,1957-05-21,ElizabethBradleyShipley@msn.com,36,12;390,708,985
474,Kenyon,Bettye,1952-04-11,Bettye5492@hotmail.com
475,Escamilla,Michael,1952-06-24,41,31,39,27,46,2;92
476,Martinez,Hannah,1999-04-27,earlyfloor7@aol.com,39,12,41,33
477,Brown,Darcy,1970-07-16,wise_oven8336@hotmail.co.uk,47,22,6,44,39,43,27;666,824
478,Fischer,Caron,1958-05-22,caron974@hotmail.com,3,19,1,12;24,244,380
479,Bolton,Michelle,1967-11-11,clear_library1@hotmail.com,13,37,34,41,10,32
480,Cohen,Robert,1994-01-12,Robert.Cohen896@gmail.com,7,26,23;231,360,980,844,843,741
481,Kemp,Christina,1969-01-06,great.map2105@hotmail.com,33,11,49;229,377,721,866,944
482,Wilkins,Donna,1962-07-25,donna.wilkins@hotmail.com,13,2,19,23,39,44,38,48,8;111,410,428,131,30,85,973
483,Boone,Nicholas,1996-04-22,n.boone11@hotmail.co.uk,46,2;3,365,726,779,952
484,Gabriel,Brent,1986-10-23,b.gabriel@yahoo.com,14,9,41,7,44,43;27
485,Lopez,Darryl,1970-10-30,darryllopez@hotmail.co.uk,12,13,21,3,43,10;355,538,602
486,Currier,Heather,1987-10-31,tall_rail1987@hotmail.com,33,18,49,39
487,Hicks,Ruben,1947-04-18,r.hicks@hotmail.com,44,34,23,19
488,Coates,Kendal,1972-11-10,kendal1084@googlemail.com,43,33,8,16
489,Hooper,Amelia,1953-08-19,47,44,26,8,39,37,14;847,588,52
490,Gonzalez,Leeann,1972-02-01,26,8;943,960,618,512,570,701,976
491,Perkins,Mindy,1977-02-25,m.perkins@gmail.com,33,42,41,4,23,40,6
492,Kelley,Dennis,1946-01-28,dennis417@aol.com,41,31,33,3,47;598
493,Butcher,Seth,1984-04-17,Seth84@hotmail.com,47,27,44,42,13,36,1,33;765
494,Arteaga,Donna,1958-08-05,42,19,12,44
495,Krause,Jon,1969-01-29,j.krause@gmail.com,13,39,47,21,31
496,Wilde,Matthew,1986-07-01,m.wilde86@msn.com,38,33,40;860,44
497,Wolfe,Aaron,1973-05-19,26,4,6,31
498,Bonilla,Quinn,1992-07-17,quinn1015@gmail.com,13,34,19,23;465
499,Atwood,Brandi,1973-06-07,like.circle7@googlemail.com,38,42,2,44,15;825,540
500,Williams,Michael,1986-05-01,michael1986@yahoo.com,8,7
501,Hart,Andrea,1993-01-11,andrea_hart@gmail.com,8,38,15,19,43;980,15,695,632
502,Clark,Christopher,1975-05-28,important.orange4@gmail.com,16,1,10,14;34,840
503,Rodriguez,William,1983-10-27,william9@gmail.com,39,4,43,33;432,800,892,148
504,Ramirez,James,1946-05-03,jamesramirez46@yahoo.com,33,2,39,42,44,38;235,66,924,171,447
505,Ferguson,Kelly,1972-04-10,quiet.basket72@hotmail.com,18,43,49;352,135,467,953
506,Chavez,Christian,1986-06-02,8,33,38,44,39;839
507,White,Kathleen,1955-02-12,beautifuljewel8107@hotmail.com,8,44,16,43,33,1,21,26;905,538,573,827,926
508,Garland,Leanne,1966-06-24,12,47,14,2,18,38,33;386,52
509,Jones,Joe,1981-11-04,j.jones@gmail.com,38,47,23,44
510,Blalock,Linda,1967-12-04,new_island1967@hotmail.com,17
511,Salazar,Samantha,1989-03-01,samantha1989@googlemail.com,3,41,36,33;345
512,Dunbar,Troy,1983-10-05,troy.d@yahoo.com,12,47;148,390,490,586,779
513,Beck,Gary,1953-10-09,new_plate53@gmail.com,13,18,43,8,14;212,574,651,748
514,Cooper,Ashton,1987-07-06,AshtonCooper@yahoo.com,27,38,44,43;50,105,307,52,695,66
515,Tyler,Nancy,1967-11-21,13,16,44,38,34;397
516,Roth,Daniel,1980-02-01,39,26,23,19,21,18;363,956,646,672,744,835,889,999
517,Perkins,James,1986-12-11,20,23,41,8,43;435,999,809,191,800,718,596,137,148,582,659,687,964
518,Armstrong,Carl,1945-11-24,c.armstrong@yahoo.com,1,40,19,39,33;537,557
519,McAlister,Natalie,1983-02-06,Natalie785@hotmail.co.uk,18,19,33,27,43,32,38,39;886,738,546,276,578,128,333,315,113,562,589,875
520,Spence,Stacy,1958-05-10,33
521,Hubbard,Susan,1985-03-14,33,39,8,49;758,697
522,Mundy,Ricky,1955-04-18,r_mundy@gmail.com;33,48,670,529,778,849,649
523,Black,Esteban,1998-04-06,probable.boat98@hotmail.co.uk,16;100,300,322,27,886,650,654,839,906
524,McNally,Laura,1993-07-17,12,34,49,21;764,63
525,Silva,Shane,1978-03-06,38,13,22,11,27,49
526,Smith,James,1995-09-27,j_smith@hotmail.co.uk,44,47,22,26
527,Underwood,Susan,1958-06-15,parallelworm795@hotmail.com,33,36,44;149,320,764
528,Bradley,Derek,1992-10-06,dbradley@hotmail.co.uk,10,34,25,46,2
529,Burton,David,1972-07-01,dburton@aol.com,14,44;522,604,661,588,289,786,121,905,772
530,Johnson,Todd,1976-02-20,t.johnson@hotmail.com,2,33;538,686,987
531,Guzman,Andrea,1989-09-28,a.guzman@comcast.net,2,8,32,46,6,44,33;359,925,591,249,558
532,Harris,Deja,1995-06-12,hangingroot558@yahoo.com,43,48,41,8,39,7,1;13,54,386,147,741,894
533,Ferreira,Julia,1982-06-16,julia_f@hotmail.com,2,12,7,10,14;980,227,879,84,608
534,Padilla,Caleb,1998-05-28,cpadilla@hotmail.co.uk,7,15,44;118,198,825,956,296,875,722
535,Vasquez,William,1946-09-18,william1946@gmail.com,8,33,27,43,31;959
536,Marquez,Deric,1965-09-06,present_tooth959@yahoo.com,20,13
537,Vail,Kerri,1985-12-30,k_vail@yahoo.com,43,44,41;155,854,917,518,879
538,Roque,Lois,1952-04-29,2,33,22,44,28,32;319,485,530,507
539,Hendricks,Melissa,1981-10-08,m_hendricks@yahoo.com,9,32,21;196,239,377,454,668,675,793
540,Burgess,Rikki,1988-05-28,r_burgess10110@aol.com,43,42,39,6,41,19;973,848,499,739
541,Story,Mary,1986-11-29,mary_s@gmail.com,23,7,39,21;100,352,377
542,Ellis,Aileen,1983-03-02,a_ellis@yahoo.com,10,3;376,377,789
543,Harris,Joseph,1971-06-06,joseph.h@yahoo.com,23,6,39,38,2;220,236,379,120,945,800,19
544,Rendon,Kevin,1962-04-18,krendon62@comcast.net,13,27,42,39,44;235,205,570,223,690
545,Magana,Kirk,1955-12-18,23,12,33,26,36;699,711,615,889,682,865,351
546,Sewell,James,1999-02-19,like.muscle4@hotmail.com,27,7;3,64,152,267,400,451,519,851,984,229,449,899,560,563,594,601,608,621,739,794,801,808,957
547,Jackson,Kayla,1993-03-09,k_jackson@yahoo.com,20,33,43,34,8
548,Smiley,Eileen,1998-06-28,eileen98@yahoo.com,33,22,19,43,13;199,286,424,448,299,785,945,447,569,902
549,Green,Joseph,1960-04-19,44,31,49,39;434,447,272
550,White,Clarissa,1994-04-02,clarissa.w@aol.com,19,42;582
551,Woodall,Robert,1955-08-31,r_woodall@hotmail.co.uk,36,18,33,26,9,27,21;5,171,300,301,471,235,848,228,655,850
552,Rasmussen,Saul,1993-02-03,saul10@hotmail.com,13,22,43,1;714,738,930
553,Lunsford,Charles,1958-01-22,commonmap7@yahoo.com,26,33,38,23,36,3;358,724
554,Malone,Jessica,1983-11-17,jessica82@hotmail.com,13,44,27;333,381,561
555,Castillo,Nichole,1979-04-18,ncastillo6@gmail.com,12,7,10,49,9;54,594,932
556,Barger,Starr,1972-04-24,44,6;386,220,600,629,605,789,310,913
557,Ryder,Sara,1967-05-26,33,7,48,39,16,47,8,26;163,518,187,287,908,715,247,885
558,Parks,Luz,1972-01-07,l_parks@gmail.com,27,8,21,3,35;174,385,531,270,621,13,22,73
559,Hanson,Grace,1961-01-25,g.hanson@hotmail.com,19,11,42,38;665,222,961
560,Williams,Olivia,1987-09-06,olivia87@gmail.com,38,23,36,32;546,129
561,Krause,Curtis,1968-06-22,c_krause1041@comcast.net,22,23;154,554,738,351,588
562,Rollins,Katherine,1970-09-19,k.rollins@yahoo.com,23,38,33,18,13,22;237,406,649,418,621,318,519
563,Webb,Ruben,1971-03-27,ruben.webb@yahoo.com,27,6;276,147,546,676
564,Thompson,Heidi,1983-05-22,heidi_thompson@hotmail.co.uk,27,24,25,38,8
565,Myers,Brian,1970-11-21,bmyers@gmail.com,1,7,20,15,3,48;632
566,Smith,James,1949-11-01,james_s1@yahoo.com,2,26,16,44;804,827,708,367,22,662,192,596
567,Henderson,Lakesha,1980-07-22,Lakesha4@hotmail.com,6,36,44,17;282,322,353
568,Herrera,Bethany,1987-12-09,b.herrera6@gmail.com,23,22,1,10;387,785,738,424,184
569,Hughes,Alyssa,1993-09-19,a_hughes@yahoo.com,38,39,16,10;123,264,347,353,420,800,835,548,586,602,761,764,809,830,837
570,Lowe,Michael,1957-12-29,cut_camera453@gmail.com,2,33,46,38,6;229,362,490,544,468,843,575,772
571,Gutierrez,Matthew,1965-11-03,important_ball65@gmail.com,39,10,33,25,23
572,Mendoza,Davina,1975-01-03,8,23,10,27,26,6,18;91,106,649,986
573,Maxwell,Harold,1955-08-06,tiredchain1955@hotmail.com,49,40,44,10,39;358,205,932,507,171,740
574,Mota,Penny,1954-02-16,p.mota@yahoo.com,12,26,27,44;65,117,291,424,513,654,808,922
575,Ortiz,Amy,1977-08-26,amy.o98@hotmail.com,1,44,10,2,23,27,9,15;197,570,626,853,270
576,Shaw,Marla,1955-02-06,22,4,2,41,23;173,415,853,92,608,129,148,112,1
577,Leonard,Raymont,1986-02-03,rleonard@gmail.com,36,12,44;857,778,691,467,41
578,Conroy,Tremaine,1984-02-16,tremaine_conroy@hotmail.com,44,2,6,41,12,16;123,280,519,690,237,403,621,750,834
579,Hicks,Brad,1978-06-09,bhicks@aol.com,23,31,3,21,11;22,809,9
580,Young,David,1953-12-27,d_young@hotmail.com,39,10,24,33,8,46
581,Oliva,William,1991-01-30,w.oliva@gmail.com,34,39,42,21,15,2;46,613
582,Daniels,Shelly,1964-11-29,s_daniels@yahoo.com,38,42,34,39,16;262,467,550,31,217,52,517,843
583,Smith,Mariann,1958-05-29,32,33
584,Kenney,Kiante,1995-11-10,regular_bath9299@hotmail.com,13,1,33,47,6,39,31,16
585,Kelly,Thomas,1945-03-28,28;158,222,610,643,647
586,Lacy,Patricia,1952-05-15,placy@yahoo.com,44,12,15,33,21;74,424,293,512,569
587,Leonard,Otis,1949-12-05,oleonard1@gmail.com
588,Wolfe,Betsy,1982-05-05,betsywolfe@hotmail.co.uk,47,12,38,2;76,147,204,310,431,489,529,738,307,561,325,859,417,295,613,640,653,698,713,719,892,952
589,Braxton,Josephine,1978-12-13,josephine1978@hotmail.com,39,34,48;41,170,315,129,519
590,Lyle,Lon,1948-05-08,tight.nose48@hotmail.co.uk,38,41,31,21,13,10;234
591,Robins,Patricia,1967-07-20,patricia_r@hotmail.com,33,23;56,150,343,370,406,531,608,684,757
592,King,Adriana,1987-11-13,aking@hotmail.co.uk,7,49,41,38,43,23;701
593,Fuentes,Curtis,1975-10-16,cfuentes161@hotmail.co.uk,13,38,26,33,12
594,Davison,Stephanie,1971-08-22,Stephanie.Davison@gmail.com,44,34;546,555
595,Cox,Gerrit,1976-11-14,g_cox76@gmail.com,26;14,68,148,291,99,760,944
596,Greene,Genesis,1983-11-02,round_drain8103@yahoo.com,3,31,40,33;517,566,238,29,738,741,700,706
597,Langston,James,1948-06-30,j_langston@gmail.com,12,1,6,23,33;40
598,Gabriel,Trevor,1989-10-08,t.gabriel@hotmail.com,27,44,47,38,34;48,492,452,65
599,Lynch,Christine,1952-02-11,c_lynch@hotmail.com,24,27;121,420,375
600,Jones,Sebastian,1996-09-13,44,16,22,33;437,556,976,131,166,41,229
601,Julian,Christina,1981-10-12,christinajulian527@hotmail.com,44,39,12;390,465,915,97,739,189,621,546,315,237,90,394,368
602,Alvarez,David,1964-06-06,David1964@hotmail.co.uk,21,44,2,26,3;1,485,85,569,860,965,66,131,780
603,Charles,Lori,1965-02-15,l.charles@hotmail.co.uk,21,3,46,42;460
604,Mcrae,Susan,1965-10-15,42,27,39;46,56,529,135,221,702
605,White,Sandy,1959-02-09,15,41,21;556,332,795,659,912
606,Sebastian,Donald,1948-08-09,donald.sebastian1948@gmail.com,44,32,33,27,10;365,989,720,643
607,Smith,Carleigh,1997-07-31,c_smith@gmail.com,8,9,21,37,49,33;804,110,224
608,Higgs,Jennifer,1981-09-14,jennifer_h@gmail.com,42,39,33,10,9;103,205,222,576,533,610,591,471,546,698,735,875
609,de la Rosa,Carol,1961-11-25,48,1,13,3,38,44;32,375,388,956,700,977,623,639
610,Colon,Ebon,1974-08-04,e.colon@gmail.com,28,38,9,1,13,39,7;133,290,436,459,460,585,608,620,698
611,Wood,Joshua,1998-08-28,jwood1998@yahoo.com,38,42,16;237,264,735,839
612,Grant,Preston,1968-01-03,preston4@yahoo.com,37,27,23;450
613,Stout,Jeffrey,1963-04-21,j_stout@gmail.com,33;588,31,447,889,875,72,930,581
614,Perez,Joshua,1985-10-27,j_perez@gmail.com,41,19,38,46,40,1,49;51,148,275,415,55,705,870
615,Barrett,Lloyd,1955-01-09,lloyd55@yahoo.com,43,12;248,369,545,729,785
616,Clark,Lucas,1993-06-20,l.clark@gmail.com,28,11,38;440,337,310
617,Lovell,Eva,1948-06-07,elovell48@yahoo.com,35,15,42,21,33;108,439,129
618,Klein,Heather,1989-03-27,heatherk29410@hotmail.com,33,8,35,22,39,44;490,913,936
619,Sandoval,Louis,1945-03-08,louis.sandoval@gmail.com,11,39,29,43,8,38;472,690,415,803,32,137,771
620,Frick,Judith,1973-06-23,judith_f1973@hotmail.co.uk,34;610,772,64,168
621,Coffey,Roland,1964-10-10,1,16,33,15,40,21,44;28,81,106,558,562,601,449,578,899,546,638,735,777,793
622,O'Neal,Michael,1956-09-29,m_oneal@gmail.com,38,47,23,27,33,46;410,149,470
623,Montes,Melody,1989-12-19,m.montes@gmail.com,15,8,28,39;21,121,239,609
624,Nelson,Charles,1964-04-21;316,403,729,625
625,Irwin,Lisa,1963-05-16,20,33,38;72,13,624,719,995,843,894
626,Martinez,Christian,1990-12-07,36,40;362,392,575,673,684,778
627,Garcia,Jessica,1978-06-27,jgarcia@hotmail.co.uk,43,3,14,13,26,19
628,Horne,Jacqulyn,1949-08-13,j_horne@gmail.com,43,3,7,42,41,44,21,39;105,313,337,284,851,668,949
629,Fisher,Donald,1947-01-16,donald.fisher621@hotmail.com,42,33;56,198,556
630,Fournier,Gina,1961-07-13,Gina.Fournier@gmail.com,6,33,19,27,31,23,38;871
631,Davies,Christa,1981-05-02,44,32,19,33,42,1,21;925,800,850,148,912
632,Watson,Norman,1947-02-05,nwatson511@googlemail.com,4,26,13,38,18,42;3,501,565,782,353,651,679
633,Watson,Freda,1958-09-16,firsthat1958@hotmail.com,26,31,42;181,449,370,698
634,Howell,David,1974-03-21,2,8,24,38,12,13;312
635,Charles,Kenya,1970-02-05,kenyac@hotmail.com,18,19
636,Phillips,James,1949-10-30,james8@hotmail.com,39,1,13,44,46;275,936,706,932,645
637,Hoyt,Alexandra,1992-11-19,ahoyt@aol.com,33;999,153,967,291,212,762,715
638,Boyer,Rochelle,1968-05-02,rochelle.b1@googlemail.com;761,621,717,370
639,Maxwell,Steven,1954-01-08,steven7@hotmail.com,15,39,1;37,758,609
640,Torres,Donnell,1973-06-25,normal_floor61101@yahoo.com,46,43,38,6,17;398,657,588,853,761
641,Stanley,Michael,1967-03-15,Michael_Stanley@yahoo.com,22,39;145
642,Simmons,Calyssa,1992-10-22,important_cup92@hotmail.co.uk,44,9,2,23;106,180,284,932
643,Lai,Sally,1950-11-09,slai@hotmail.co.uk,33,47,38,1;585,606,446
644,Peck,Rosetta,1952-08-05,Rosetta52@gmail.com,15,43,47,36,44,49;180,282,708
645,Mitchell,Gerald,1963-03-15,gmitchell@yahoo.com,29,34,26,8,30;989,636
646,Espinosa,Twila,1958-01-11,automatic_knot4@aol.com,31,39,36,2,38,9;15,162,516,707
647,Smith,Dwight,1945-09-16,dwightsmith7@hotmail.com,40,47,34,38,42,33;393,649,585,964,748,836,966
648,Anderson,Vernon,1980-01-13,vanderson@yahoo.com,34,8,31,47;296,748
649,Kennedy,David,1961-04-12,dkennedy8@hotmail.com,8,34,33;3,133,162,252,285,460,562,647,522,405,828,572
650,Corral,Harry,1951-06-03,h.corral@hotmail.co.uk,34,48,44,3,12,38,9;49,360,456,761,106,759,523,333
651,Price,Melody,1968-05-19,44,6;632,513,786,147
652,Hilliard,Ciera,1992-09-26,cierah1992@googlemail.com,36,11,12,48;147,768,895,945
653,Long,Robert,1951-10-01,rlong1951@hotmail.com,44,12,39,19;795,401,338,758,588,849
654,James,Juanita,1973-04-29,15,36;574,200,788,523
655,Morrison,Jacob,1997-08-03,j_morrison@yahoo.com,44,1,26;358,551,41,424,417,835,875
656,Coyle,Dennis,1951-12-23,d_coyle@googlemail.com,28,23,22,32,37,12
657,Murray,Jayne,1952-03-22,j_murray838@aol.com,16,44,49,1,39,46,27;295,640,25,287,980,266,52,351
658,Moss,John,1969-12-15,28,33,19,2,41,8,38
659,Herring,Faith,1983-01-16,faithh@yahoo.com,17,39,44,27,8,13,31,38;306,960,679,972,517,876,605,941
660,Chatman,Murl,1969-06-11,m_chatman@gmail.com,11,13,27,44,39,48,42,16;75
661,Rivera,Sara,1961-10-27,importantskin61@gmail.com,33,19,42,23;529
662,Silva,Andres,1984-01-12,andres9577@yahoo.com,34,42,25;327,566,292,88
663,Herrington,Timothy,1959-11-01,therrington@hotmail.com,38;726
664,Anderson,Mark,1989-06-21,m_anderson1989@gmail.com,32,18,34,38,2,20;34,22,996,32,735
665,Wilkerson,Ryan,1979-02-17,ryanwilkerson928@gmail.com,41;559
666,Price,Carol,1956-02-23,c_price@yahoo.com,46,42,39,11,1;956,977,477,29,670,725
667,Mull,Denise,1954-02-25,d_mull@hotmail.co.uk,2,1,39,48,35
668,Parrott,Jennifer,1977-07-27,happy_book1977@yahoo.com,22,26,28,18;255,973,307,857,539,691,628,784
669,Pearson,Neha,1979-11-02,n.pearson3@yahoo.com,19,13,12;52
670,Leslie,Amy,1985-02-14,aleslie439@yahoo.com,33,14;178,360,522,666,799
671,Kuykendall,James,1957-04-17,young_rat57@gmail.com,44,49;849,202,366,889,856
672,Sweet,Crystal,1978-01-17,crystal92@gmail.com,43,13,33;294,388,516,263,776,240,192,352,783
673,Roy,Mischelle,1972-11-18,m.roy@yahoo.com,7;376,626,358,946,413,841
674,Alford,Jessica,1989-09-24,jessica_a@yahoo.com,42,14,8,26
675,Pollock,Patricia,1945-04-30,patricia_p4@yahoo.com;126,539,854,882
676,Wagner,Wallace,1955-06-06,w.wagner@hotmail.com,47,39;563
677,Knight,Edward,1962-05-17,edward_k@googlemail.com,10,6,38,44,16
678,Ross,Joseph,1984-12-16,j.ross536@googlemail.com,37,26,49,27;4,116,989,895,227,719,837
679,Robertson,Mary,1952-05-06,mary4@yahoo.com,2,33,10;659,632
680,Valencia,Jonathan,1987-04-08,j.valencia1987@yahoo.com,44,43,26,38,1
681,Rice,Amanda,1989-04-17,arice@hotmail.com,43,7,16,10;33,114,847,806,911
682,Kaufman,Christina,1975-08-11,separate_egg1@yahoo.com,36,33;545
683,Evans,Troy,1968-10-28,t_evans12@yahoo.com,39,49,16,27;158,702,764
684,Lopez,Cecil,1955-11-25,c_lopez6@aol.com,49,23,35;395,22,626,591,774,999
685,Harrison,Wayne,1945-08-26,wharrison@gmail.com,42,33,12,19
686,Smith,Cathy,1954-05-19,csmith2@gmail.com,11,7,38,12,35,48;454,467,530,932,236
687,Reed,Courtney,1997-07-19,courtney.r@googlemail.com,23,43,21;517
688,Garza,Christina,1983-01-30,christina_garza@gmail.com,10,3,44,37
689,Braden,Jennifer,1979-02-26,jbraden@gmail.com,23,27,33,1,42;295,849,772,720,869
690,Wise,Ruby,1976-11-04,r_wise@googlemail.com,32,44,10,38,1;93,97,174,448,451,544,578,619,870,882,908
691,Simmons,Jacob,1990-12-10,21,33,2,16,1,15,44;114,240,320,384,448,577,668
692,Roberts,Liliana,1996-01-08,lroberts@aol.com,38,12,44,10,29,42,14
693,York,Eric,1972-02-16,34,18,12,2;166,171,343,386,424,255,782,61,721,879
694,Bynum,Anna,1986-12-07,Anna_Bynum@gmail.com,50,19,26,33,27,21
695,Clarke,Phillip,1981-10-25,11,29,42,39,27,44;501,514
696,Stewart,Krista,1967-10-22,3,44,34,30
697,Bailey,Matthew,1977-11-24,1,39,12,26,10;157,209,521,343,466,778,244
698,Higgins,Colten,1994-11-06,chiggins@hotmail.com,39,9,21,33,14;633,381,82,610,588,608,437
699,Reed,Rosanne,1952-08-07,privateclock1952@yahoo.com,23,38,16,13;34,117,229,280,309,545,748,817,834,862,879
700,Roberts,Nick,1959-01-22,nick.r@aol.com,2,33,36,3,38;155,178,609,596,977
701,Torres,Todd,1969-01-28,t.torres@hotmail.com,12,39,26,48;159,327,490,592,741,807,985
702,Lawton,Peter,1999-11-14,27,17,44,12,39;604,388,683,35,162
703,Hayes,Sherri,1969-12-15,sherrihayes@gmail.com,13,43,8,1
704,Alexander,Mary,1973-11-25,malexander@hotmail.com,15,21,12;116
705,Weaver,Cindy,1958-01-17,c.weaver@gmail.com,26,15,6,41,13;614,32,121,296
706,Avalos,Patricia,1949-04-08,pavalos@yahoo.com,28,13,12,42,33,38;407,636,596,762,738,865,807,967,978
707,Wu,Andrea,1980-08-25,andreaw@gmail.com,10,11,27,44,40,23,14;106,646
708,Smith,Aaron,1975-12-24,aaron1975@hotmail.co.uk,37,2,21,14,6;566,379,438,644,113,343,44,473,755,893
709,Case,Naomi,1977-09-26,n.case@hotmail.com;732
710,Morton,Francine,1948-02-25,francine.m@hotmail.com,11,22
711,Sanchez,Kaylah,1998-03-26,kaylah_s67@aol.com,43,26,42,33;70,155,247,350,390,398,545,413,34,235,380,730,858
712,Coe,Marc,1965-12-28,mcoe@yahoo.com,10,8,34,47,44,6,1,27;451,379,768,972
713,Tapia,Sarah,1986-10-01,sarah_tapia@aol.com,39,42,23;352,588
714,Bonds,Terence,1954-08-04,terence1@hotmail.com,39,41,26,47,2;44,552
715,Thompson,Phillip,1984-04-09,p.thompson@googlemail.com,33,7,10,22;144,557,992,413,637,214,791,899
716,Gentry,Linda,1969-07-21,linda.g@hotmail.com,38;189,449
717,Millard,Karen,1959-10-25,Karen.Millard@aol.com,19,21,11,44,23;82,178,304,638,120,853
718,Steele,Christopher,1981-09-02,csteele@hotmail.com,34,33,49;229,321,517
719,Aviles,Maria,1993-05-07,31,22,39;229,270,625,226,171,916,443,678,588,800,924
720,Thomas,Kathleen,1956-06-12,kathleen.t@yahoo.com,38;211,606,689,121,961,957
721,Curran,Charles,1962-02-02,Charles_Curran4@gmail.com,16,1,10;312,447,815,481,693
722,Bigelow,Pamela,1954-04-12,quickrail9@gmail.com,43,6,38,27,39,33;961,534
723,McCarty,Amy,1966-04-08,amy.mccarty@yahoo.com,18,13
724,Emerson,Anthony,1949-02-07,Anthony.Emerson@hotmail.com,40,47,44,34,49;447,353,885,88,553,915
725,McMillan,Pamela,1950-02-05,pamela.mcmillan622@gmail.com,31,14,49,9,19;417,666
726,Keen,Hannah,1990-10-29,21,35,28,18;264,365,386,663,889,84,857,483
727,Montoya,Angela,1977-01-12,26,44,10,2,38,8
728,Lopez,John,1966-09-05,JohnLopez@hotmail.com,44,23
729,Stone,Linda,1948-05-17,linda_stone@gmail.com,36,2,23;191,624,370,225,615,235
730,Goldman,David,1978-01-15,d_goldman@hotmail.com,23,44,17,27,38,3;28,711,876,171,286
731,Anderson,Kaylee,1992-03-20,k.anderson@hotmail.co.uk,8,38,44;327
732,Zuniga,Henry,1949-12-26,brightneck6@msn.com,23,21,24,19,36,7,2,20;171,709
733,Wood,Hana,1990-03-26,hana74103@aol.com,4,30,6,12,41
734,Saunders,Jack,1988-10-15,20,26,2,35,13;120,361,877,888,892
735,Cantrell,Phillip,1984-08-05,44,14,40,8,49,1;611,975,621,664,608,397,939,842,889
736,Stevens,Don,1981-02-05,11,12,43
737,Coleman,Billy,1969-03-10,8,31,47,43,26,33
738,Fiore,Vanessa,1998-11-09,19,2,40;21,519,552,561,568,588,596,706,768,967
739,Waite,Kathy,1962-01-08,10,8,15,28;601,546,804,358,540,329,905,370,468
740,Jackson,Janie,1946-02-14,tight_cat1946@hotmail.com,39,9,33,40;333,573,61,970,66,37,22
741,Arreola,Darren,1993-02-15,darren_a8110@hotmail.co.uk,28,44,19,2,1,21;435,596,532,480,351,977,701,391,88,2,949,786,801
742,Martinez,Enna,1981-02-16,28,39,3,13,41,36;294,346,989
743,Bowman,Andrew,1984-12-14,andrew7@gmail.com,31,18,13,19,39,44;129,248,118
744,Wheeler,Jonah,1971-01-06,jonahw@yahoo.com,39;296,346,516,244,205,754,791,936
745,Hill,Jerry,1947-10-22,j_hill@hotmail.com,10,39,13,21,7,40,44;348
746,Hardy,Mary,1946-01-13,28,18,6,42;824,944
747,Middleton,Loretta,1959-12-06,l_middleton@googlemail.com,44,1,38,30,19;120,367,848,399
748,Gibson,Richard,1954-11-29,richardg@yahoo.com,43,21,17;204,359,364,648,844,699,513,647,114,301
749,Mullin,Lisa,1976-07-12,lmullin@gmail.com,10,26,47;859,90,908
750,Hoang,Justus,1980-02-27,justus_h@hotmail.com,26,22;137,578,274,27,987
751,Wynn,Shirley,1973-06-18,shirley1973@yahoo.com,1,8,9
752,Fitzgerald,Dale,1951-06-03,dfitzgerald@hotmail.com,15,37,2,49,21,43,31;103,348,414,29,840,888
753,Boehm,Lori,1969-03-16,21,34,46,41,39,44,23,36
754,Bailey,James,1985-10-26,jbailey@gmail.com,38,8,23,33;271,289,744,287
755,Tillman,Shane,1997-04-27,44,13,38;708
756,Silver,Ivana,1975-11-28,38,2;415,341
757,Clark,Louis,1951-11-27,Louis9@comcast.net;291,89,591,54,449
758,McDowell,Clayton,1982-02-24,c.mcdowell@yahoo.com,44,16;398,521,639,653,22,332,353,975,889
759,Atkins,Robert,1958-08-09,r_atkins@yahoo.com,33,12;376,650
760,James,Melanie,1957-10-27,m.james57@gmail.com,31,13,20,42;595
761,Romo,Julie,1957-05-06,39,1,16,38,34;208,638,650,439,640,569,362
762,Santana,John,1950-11-14,j_santana4108@hotmail.co.uk,26,44,23;40,375,637,706,900
763,Andres,Karen,1953-10-11,Karen53@yahoo.com,4,44,2,47,49
764,Burrell,Alice,1967-12-21,alice_burrell67@gmail.com,39,41,10,14;26,73,156,179,524,527,569,683,332,925,815,83,961
765,Knoll,Terry,1961-01-16,t_knoll@aol.com,37,31,4,36;375,493,443,22,437,366,358,29
766,Taylor,Willie,1960-08-09,Willie.Taylor1960@hotmail.com,19,8,38,10,32,33,16
767,Funk,Dana,1989-02-17,dana_f1989@googlemail.com,31,14,44;184
768,Sherman,Michael,1971-07-01,boiling.boat1971@googlemail.com,2,32,42,1,23,43;280,301,652,738,844,712,310,879,927
769,Finney,Frida,1998-09-05,f.finney@gmail.com,8,23,24;91,333,316,858
770,Jones,Tracy,1969-03-07,t_jones797@aol.com,2,33,38,44,43;222,370,441
771,Reaves,Hunter,1998-08-17,hunterr1998@gmail.com,43,7,23,6;347,619
772,Garcia,Brett,1970-11-25,b.garcia@hotmail.com,19,16,6;75,127,376,620,689,570,37,387,932,529,303,782,854,957
773,Gordon,Jennifer,1983-09-16,Jennifer.Gordon@yahoo.com,44,19,33,41
774,Gibson,Ninette,1955-04-23,n.gibson@yahoo.com,27,22,33,39;684,160,943
775,Hood,Robert,1959-10-10,r_hood@gmail.com,33
776,Dixon,Michael,1975-03-27,m_dixon@yahoo.com,33,2,23,7;376,672
777,Wallace,Christopher,1997-10-08,christopher9@gmail.com,14,23,20,34,16,10;235,303,22,149,440,621
778,Spencer,Edward,1955-03-19,edwards897@hotmail.com,38,37,23;67,261,302,450,522,577,697,293,936,626,178,392,803,931
779,Goodman,David,1969-07-23,dgoodman@hotmail.co.uk,38;483,512,167,88
780,Olvera,Vincent,1954-10-01,43,42,19,20,12,2,13;943,602,804,49,467
781,Moreno,Katina,1973-07-31,katina.m5@gmail.com,49,44,39
782,Seay,Joe,1966-04-28,Joe66@gmail.com,6,13,28;18,59,100,157,632,693,772,89,171,898
783,Castillo,Tianne,1992-05-05,t_castillo@msn.com,42,38,22;841,140,672
784,Miller,Jorge,1978-02-07,j.miller97@aol.com,36,44,32;116,979,668,926
785,Wheeler,Kory,1987-06-24,kwheeler@gmail.com,21,44,31,2,38;548,568,227,615
786,Keefer,James,1961-03-30,42,44,41,2,34;14,37,50,293,529,651,287,741,793
787,Brown,Kevin,1995-09-03,kevinbrown1995@yahoo.com,47
788,Hancock,Jody,1974-01-18,jodyhancock@yahoo.com,38,21,46,43,23,42,33;654,996
789,Schwartz,Teresa,1961-09-01,t_schwartz@gmail.com,16,2,49,33,28;14,556,542
790,Pace,Lisa,1965-09-08,lisap@gmail.com,21,36,18;304,825,343,22,468
791,Gardner,Eliza,1999-05-05,10,32,2,26;989,424,715,744
792,Walker,Kayla,1997-01-11,21,19,35
793,Gallagher,Kathleen,1953-12-27,k.gallagher@aol.com,39,22,11,33,20,7,18;103,786,899,621,539
794,Cox,William,1949-07-31,19,39,34,26;3,421,833,546
795,Garcia,Jason,1975-04-05,Jason75@gmail.com,12,23,47,21,33;605,653,868
796,Terry,James,1953-05-01,james_terry53@hotmail.com,2,38,22,42,33;977,231,964,1
797,Chavarria,Matthew,1991-05-28,mchavarria91@yahoo.com,39,27,37
798,Alvarez,Valerie,1964-10-14,happy_tree526@googlemail.com,9,31,23,41,14;459,106,375,799
799,Copeland,Shirley,1950-11-30,shirley1950@gmail.com,33,1,43,13;798,670,954
800,Bowen,Christopher,1972-10-24,44,2,36;248,291,503,517,543,569,631,719,346,802,900
801,Brown,Amanda,1987-05-03,a_brown@hotmail.com,38,44;932,911,741,260,80,308,546
802,Walden,Jordan,1987-10-01,27,44;248,800,421,234,964
803,Mathis,Kayla,1980-02-28,k.mathis2@hotmail.com,2,9,41,21,32,29,13;619,932,778,868,817
804,Parsons,Jacoby,1997-05-10,j.parsons@gmail.com,13;454,566,607,739,780,864
805,Stewart,Matthew,1983-01-19,tall.stem6@hotmail.com,39,3,4,21,27
806,Coleman,Ferdinand,1985-12-17,f_coleman@gmail.com,23,37,44,42,10;24,218,350,55,681,247,34,900,899,840,886,898,935
807,Brown,Shannon,1981-04-25,s_brown@hotmail.co.uk,32,15,39;701,706
808,Huff,Tommy,1979-04-08,t_huff@gmail.com,34;199,574,546,22,895
809,Peterson,Rodney,1953-02-18,Rodney_Peterson@gmail.com,18,47,31,26;20,148,154,517,579,332,569,228,74
810,Thompson,Kathleen,1952-02-02,k_thompson@gmail.com,42,36,38
811,Valencia,Dawn,1968-09-26,thick.gun8738@hotmail.co.uk,19,15;416
812,Busby,Henry,1954-04-29,h.busby54@hotmail.com,44,38,10,19;944
813,Norman,Michael,1953-05-12,michael_norman@gmail.com,3,39,10,40;300,343,445
814,Woo,Diana,1965-03-08,diana_w@yahoo.com,26,2,3,33,34,19;67,73,147,303,398
815,Johnson,Bonnie,1956-07-14,bjohnson8@gmail.com,10,16,39,23,27;128,200,721,764,924
816,Vasquez,Demetrius,1976-07-02,boiling.camera9410@gmail.com,19,40;311,376,385,910
817,Smith,Cary,1959-09-04,carys@gmail.com,13,8;396,699,34,803,177
818,Johnson,Victoria,1971-06-08,victoria1971@hotmail.co.uk,44,18;217,280,360,451,466
819,Springer,Jonathan,1998-09-20,jspringer@gmail.com,30,44,41,39;132
820,Munoz,Darien,1965-12-19,darienmunoz@yahoo.com,13,15,23,6,42
821,Justice,Corean,1959-06-09,corean.j8610@googlemail.com,18,10,33,41,38;225,366
822,Gill,Alissabeth,1996-08-06,Alissabeth268@gmail.com,41,39,21;341,349
823,Brooks,Stephanie,1997-08-21,s.brooks@aol.com,44,31,46
824,Sanchez,Erica,1968-09-01,e_sanchez@aol.com,36,35,21;249,913,477,961,746
825,Corcoran,Christian,1969-09-10,28,38,26,50,43;231,300,386,499,534,790
826,Withers,James,1966-06-26,james.withers@hotmail.co.uk,27,10,22,44,47,49;353
827,Talley,Marianne,1945-06-25,m_talley@yahoo.com,38,10,41,22,21,19,23,18;138,231,566,507,7,906,932,991
828,Rodgers,Jamie,1961-07-04,jamier@hotmail.co.uk,36,44,24,15;32,44,65,421,649,955
829,Steele,Alison,1986-12-02,AlisonSteele@yahoo.com,43,42,44,21
830,Ballard,John,1959-12-16,john2318@gmail.com,43,12,44;66,569,120
831,Green,Joshua,1992-04-22,joshua.g@yahoo.com,7,19;276,123,969,296,443,227,208
832,Garcia,Naomi,1969-05-17,naomig@hotmail.com,38,17,26,22,32;162,262,914
833,Foy,David,1994-10-02,d_foy94@yahoo.com,13,4,42,26;794,857,126,329,853
834,Taylor,Debra,1955-01-17,dtaylor@gmail.com,39,18,8,43,38;296,578,699,959
835,Schulte,Shelia,1980-05-29,35,30;244,459,569,655,934,516,286
836,Curley,Daniel,1983-09-23,daniel8@googlemail.com;965,843,647,3
837,Hardy,Sierra,1997-05-14,s.hardy@gmail.com,38,22;569,912,929,447,678,129,150,235,140,248
838,Levy,Joshua,1982-04-19,16,28,19,26,41,12;413,147,946,233
839,Dean,Elaine,1969-09-20,43,38,39,3,49;263,611,276,133,223,523,506,31,985
840,Casey,Matthew,1989-05-16,m.casey@hotmail.com,32,38,2,26,34,8;111,323,502,752,806
841,Fletcher,John,1950-09-12,17,9,41,13,6,19;183,451,673,783,898
842,Call,Rudolfo,1950-08-22,rcall@gmail.com,23,33,47,26,9,15;100,463,735
843,Schneider,Andrew,1988-12-17,andrew4373@hotmail.com,26,1,19;220,383,480,570,582,625,836,849
844,Jones,Ian,1999-11-30,Ian_Jones99@gmail.com,40,6,33;128,480,748,768,131
845,Turner,Kimberly,1961-08-14,kimberlyt@hotmail.co.uk,26,6,44,19;33
846,Smith,Robert,1978-04-06,rsmith@hotmail.com,12,2,18,7
847,Anderson,Ismael,1990-02-27,kindstreet1990@hotmail.com,38,31,37,46,44,22;489,681
848,Miles,Nicholas,1989-02-23,nmiles89@gmail.com,13,49,10,42,12;275,451,540,551,747,910,940,972
849,Hebert,Ronald,1973-11-17,Ronald_Hebert@aol.com,39,42,44,2,19,3;310,384,522,653,671,689,843,249,875,949
850,Garner,Victoria,1981-05-14,open_muscle81@hotmail.com,40,23,2,10;551,631,85
851,Sanchez,Joe,1968-06-16,j_sanchez@hotmail.co.uk,16,33,2,23,36,32;546,628
852,Yi,Luis,1993-03-20,luis_yi@sbcglobal.net,30,9,22,10,38,44,8;37,311,415,885
853,Riley,Mary,1960-06-15,15,26;46,50,169,234,262,297,575,576,640,833,925,442,106,885,717,246,870
854,Noble,Johan,1998-05-06,jnoble@gmail.com;40,92,123,154,537,150,327,772,675,946,900,952
855,Godwin,Mary,1956-05-20,marygodwin@gmail.com,1,23,27,6,31,15,16,43;31,276,290,281,229,114,931,437,926
856,Johnson,Linda,1946-05-01,linda_j@hotmail.com,44,38,43,33,21,1;67,76,127,128,140,387,401,671,66,233,184,310,980,354,10
857,Jordan,Anna,1959-11-29,2,13,21,39,19;111,166,332,424,577,668,726,833
858,Williams,Jackie,1952-01-26,j.williams3@aol.com,31,12,1,14;711,310,769,925
859,Jones,Michelle,1953-12-31,mjones53@gmail.com,28;13,144,267,376,387,588,749,932
860,Sprague,Jason,1996-04-06,43,44;496,602,290
861,Reynolds,Nadine,1959-03-30,n_reynolds@yahoo.com,40,36,41,44
862,Wu,Mark,1957-01-14,mark1957@aol.com,18,13,28,21,27,22,19;104,885,699
863,Quinn,Gloria,1951-04-21,importantpencil152@hotmail.com,19,42,2,6,43,44;375,332,943,386,885
864,Ross,Heather,1974-03-08,Heather74@gmail.com,2,26,37,40;804
865,Lucas,Terry,1956-03-26,tlucas@hotmail.com,12,19,22;461,545,706,900
866,Valentine,Diane,1956-06-12,dianev@yahoo.com,24,38,42;363,481,403,445,198,346,380,963
867,Hanson,Aliana,1996-05-06,a_hanson10@hotmail.com,47
868,Matthews,Christina,1974-03-02,23,39,21;7,398,803,795,350,244
869,Teague,Filomena,1946-10-19,filomena.teague@hotmail.co.uk,8;689,176,217
870,Luna,Pedro,1990-02-03,Pedro90@hotmail.co.uk,33,39,10,21,23,42,27;853,996,184,167,276,614,690
871,Tracy,Jennifer,1980-09-29,jennifer.tracy80@gmail.com,2,33,31,47,10,37;630
872,Pendleton,Orrin,1961-12-15,o.pendleton@yahoo.com,38,31,10,24;148
873,Alonzo,Troy,1966-05-07,t.alonzo8@yahoo.com,21,1,26
874,Lopez,Sheryl,1964-09-16,39,19,12,41,13,43,1
875,Sweeney,Alva,1975-03-05,a.sweeney@hotmail.com,26,23,22,13,12,36;384,534,613,655,80,849,519,608,212,396
876,Snider,Vicky,1947-07-05,vicky_snider@googlemail.com,33,16;174,410,659,730
877,Martinez,Keith,1983-01-03,kmartinez@hotmail.com,18,48;734,989
878,Grady,Jordon,1993-09-25,jgrady@gmail.com,39,10,38,36;889,920,267
879,Hale,Justin,1988-07-01,j.hale@yahoo.com,42,27,2,44,4;49,137,533,537,693,699,214,338,981,918,768
880,Chung,Douglas,1969-11-28,Douglas_Chung9@gmail.com,23,22,16,21,44,39
881,Ramey,Mary,1986-03-24,m.ramey@aol.com,14,19,41,26,27
882,Hagen,Nicole,1991-05-04,nicole.h@yahoo.com,36;970,136,471,675,385,690
883,Batchelor,Glen,1977-06-10,Glen_Batchelor@yahoo.com,21,10,47
884,Levy,Nancy,1992-07-26,nancy_l92@hotmail.com,19
885,Brown,Faith,1998-04-02,faith102@googlemail.com,32,19,42;373,410,724,853,862,110,863,275,184,852,557,972
886,Clark,Christine,1957-07-21,c_clark@gmail.com,21,10,38,50,42;198,519,523,806,164,900
887,Stephens,Genevieve,1993-11-10,g.stephens@gmail.com,28,44,20
888,Wright,Stacy,1980-03-20,quiet_ear478@yahoo.com,14,33,24,47;734,374,752
889,Anderson,Robert,1955-02-19,robert224@hotmail.co.uk,11,23;191,210,545,613,671,726,878,758,170,735,403,516,114
890,Bartholomew,Kevin,1978-07-13,22,38,21
891,Carter,Nancy,1953-11-23,ncarter9@yahoo.com,38,13,32,20,14,7
892,Hein,Cherie,1989-06-16,c_hein89@gmail.com,8,2,27,10;71,324,503,317,448,734,192,588
893,Benitez,Timothy,1983-07-18,t.benitez@hotmail.com,38,2,31,26;708
894,Little,Lee,1969-11-17,lee5@yahoo.com,16,39,15,34,8,12;925,625,532,350
895,Marquez,Magan,1972-07-28,m.marquez7@hotmail.co.uk,22,39;678,16,652,808
896,Crocker,Arthur,1971-02-13,arthur1@googlemail.com,14,22,33;104,434,157
897,Delacruz,Michael,1958-05-30,38,19,12,47,44
898,Fernandez,Leslie,1974-11-12,Leslie.Fernandez@gmail.com,41,2,38;841,943,235,806,782
899,Henderson,Elizabeth,1975-12-10,e.henderson@gmail.com,32,37,27,49,1,40;29,365,546,621,793,806,87,715,337,906
900,Pearson,Leah,1965-09-24,l_pearson@yahoo.com,33,38,6,47,17;13,32,117,806,865,886,800,762,415,854,70,379
901,Bailey,Pamela,1948-05-24,Pamela361@gmail.com,7,38,13
902,Castro,Stephanie,1980-06-24,material.apple2@aol.com,42,26,6,40;548,913
903,Reilly,Joy,1984-04-12,j_reilly@gmail.com,44,26,36,33,38,12
904,Chan,Robert,1968-03-03,44,26
905,Brooks,Melissa,1986-12-31,22,13,2,42,40;33,383,507,529,739
906,Miller,Gary,1947-01-01,normal_pig85@yahoo.com,44,34;21,24,281,235,899,523,827
907,Workman,Ronnie,1979-01-29,ronnie.w@yahoo.com,21,3,8
908,Stover,Tonya,1979-05-02,tonyas981@att.net,21,39;248,557,749,690
909,Wagoner,Ariel,1984-08-09,arielwagoner1984@verizon.net,39,37,1,8,38
910,Stern,James,1946-04-13,1,43,22;848,816,29,299
911,Duke,Robert,1951-01-10,12;801,681,51
912,Lowe,Samual,1987-04-28,Samual1987@gmail.com,10,43,1,2;339,837,605,291,358,380,410,631,92,992,919
913,Haas,Dawn,1978-01-02,dawn.h1978@hotmail.com,21,10,27,6,16;54,275,291,350,431,556,824,902,368,618
914,Power,Jeffrey,1961-03-18,j_power1961@yahoo.com,22,23,19;137,832
915,Edwards,Delores,1954-09-07,d.edwards@gmail.com,7,12,1;21,73,247,601,724,312
916,Garza,Pamela,1966-09-07,pamelagarza@gmail.com,2,38,26,33;353,367,719
917,Hunter,James,1970-05-24,j_hunter8710@yahoo.com,21;537,996,198,379,349
918,Singer,Andrew,1993-09-15,clear.cushion93@yahoo.com,33,15;263,879,968
919,Matson,Elizabeth,1967-03-25,e_matson@gmail.com,43,1,42,16,13;327,330,912,168,393,348,155
920,Steinberg,Connor,1996-09-07,connor_s@yahoo.com,43;21,147,878
921,Perez,Jason,1998-01-08,brown_cloud1998@hotmail.com,31,12,39;309
922,Napier,Skylah,1999-09-18,boiling.rat1999@yahoo.com,43,22,39,44,8,21,31,10;574,367
923,Walters-Patel,Christine,1986-02-10,15,2,39,20
924,Guthrie,Bertha,1956-09-07,b.guthrie@hotmail.com,40,38,12,21;504,815,719
925,Yeager,Matthew,1987-08-17,Matthew87@yahoo.com,47,23,19;2,415,531,631,764,853,858,894
926,Ferreira,Frances,1946-07-31,frances_ferreira@gmail.com,33,44,36,27,43;56,855,784,507,290,262
927,Baez,Michael,1978-04-08,m_baez254@gmail.com,33,18,2,27;406,426,768,968
928,Lai,Debra,1950-05-15,debra.l1950@gmail.com,33,38,34,26,15,44
929,Butler,Keneesha,1996-02-26,physical_plate1996@hotmail.com,49,8,38,22,3,21,48,43;1,264,837,967
930,High,Les,1969-07-23,44,49,39,31,23,3,21;59,289,309,613,315,171,22,552
931,Alvarado,Joshua,1996-08-19,j.alvarado@hotmail.com,38,2,10,44,16;855,431,778,944
932,Johnson,Shivon,1981-04-01,shivon.johnson@aol.com,4,43,21,42;63,73,106,120,346,573,636,686,772,801,803,827,366,642,859,74,459,555,447,955,994
933,Long,Phillip,1958-12-23,phillipl@gmail.com,13,43,10,8
934,Erickson,Rebecca,1978-03-15,rerickson@googlemail.com,16,44,6,21;311,835
935,Davis,Rebecca,1969-11-07,15,33,40,19,47;806,30,443,10
936,Morris,Eleanor,1999-09-28,44,33,27;73,199,636,778,308,386,337,618,744,956
937,Morris,Jerry,1965-09-05,15,31,30,35,26,39
938,Lewis,Christopher,1979-04-11,c_lewis@hotmail.com,10,34,27,2
939,Sanchez,David,1961-01-29,david5@gmail.com,34,22,44,2,26,9,1,16;275,735
940,Houston,Sandy,1971-06-16,s_houston474@gmail.com,14,8,3,12,26;400,848,941
941,Diaz,Kennith,1980-11-29,36,39,12,19,6,23,7,15;198,325,659,940,41,987
942,Harris,Tyler,1994-04-15,t_harris@hotmail.com,38,33,6,41,23,44
943,Meyer,Andrew,1974-06-09,hanging.sponge178@aol.com,22,39,43;20,132,234,344,380,490,774,780,863,898
944,Nicholas,Whitney,1987-05-27,w_nicholas@hotmail.co.uk,33,44,38,23;746,191,595,481,931,981,812,404,221
945,Pauley,Catherine,1982-11-12,new.brush85@gmail.com,35,33,37;36,67,543,548,652,343,994
946,Johnson,John,1984-10-29,JohnJohnson@hotmail.co.uk,34,32,2,19,21,33,1;435,673,838,854
947,Rios,Kenya,1974-02-15,goodegg191@hotmail.com,40,31,26;958,310
948,Smith,Garrett,1993-07-26,g_smith832@hotmail.co.uk,23,44,47
949,Cain,Steven,1968-07-16,stevencain2@gmail.com,47,13,43,36,26;741,469,628,849
950,Cuevas,Kimberly,1970-11-22,kcuevas@gmail.com,1,36,48
951,Clancy,Mary,1972-11-03,mclancy@gmail.com,26,7,18,40
952,Stafford,Victoria,1988-10-22,v.stafford@yahoo.com,33,44;588,220,854,483
953,English,Jacqueline,1973-03-04,43,44,26;329,275,505,211
954,Smith,Makenzie,1998-12-03,makenzie_smith@gmail.com,9,50,46;799
955,Crawford,Calvin,1955-03-03,c_crawford@hotmail.com,1,44,6;828,932
956,Burns,Lynn,1970-01-29,l_burns1970@yahoo.com,2,49,21,33,38;76,244,308,406,516,534,609,666,449,387,936,187,296
957,Ross,Jennie,1962-01-01,j_ross366@yahoo.com,13,14;448,370,720,772,546,225,129,469
958,Nickerson,Constance,1952-08-28,cnickerson@hotmail.co.uk,8,36,15;947
959,Spencer,James,1948-08-09,jamesspencer@hotmail.co.uk,23,6,10,36;332,426,535,834
960,White,Maurice,1949-05-11,MauriceWhite@gmail.com,31,1,23;161,275,490,659
961,Dias,John,1995-03-15,j_dias@hotmail.com,44,12,19,33,8;720,722,824,559,764,440,171
962,Lee,Yvonne,1956-04-17,livingcat6@hotmail.com,2,46,14,42,33,44;378
963,Allen,Krystale,1986-03-23,2,40,26,43,16;210,866
964,Morales,Zachary,1993-08-18,z.morales@hotmail.co.uk,2,38;92,456,647,796,802,517
965,Joyner,Leslie,1950-04-16,Leslie50@googlemail.com,22,31,9,24,36;602,836,358,115,219
966,Allen,Scott,1992-04-06,s.allen@hotmail.com,11,1;977,647,166
967,Kennedy,Tonya,1969-08-23,19,44,22;191,637,738,929,706,353,447
968,Wagner,Bobbie,1980-05-16,bwagner80@yahoo.com,10,35,41,12;354,927,918,417,401,437
969,Peterson,Jordan,1987-04-11,Jordan87@gmail.com,27,33,37,12;430,831,52
970,Hatcher,James,1957-03-04,james1957@yahoo.com,13,1,33,26;415,740,882
971,Harris,Rose,1962-03-03,roseh@gmail.com,33,2,23,10;61,399,400,91,449
972,Heller,James,1946-06-20,j_heller6687@gmail.com,9,1,36;266,659,885,990,712,848,80,246
973,McLaughlin,Juliette,1971-05-02,j_mclaughlin4@gmail.com,21,32,2,12,14,23;28,209,211,482,540,668
974,Parsons,Kevin,1977-01-04,kevin1977@gmail.com,31,18,38,44
975,Beard,Debbie,1961-11-23,15,19,38,43;51,72,382,735,758,997
976,Kline,Stanley,1997-02-13,Stanley1997@yahoo.com,14,44;490,600
977,Patel,Jennifer,1953-07-23,jennifer.patel@gmail.com,25,1,34,38;106,316,365,609,666,700,741,796,966
978,Johnson,Jennifer,1985-10-02,j_johnson@gmail.com,7,33,19,10;706
979,Garcia,Gabrielle,1999-01-19,44,49,3,37;64,112,784
980,White,Shawna,1970-08-14,swhite@googlemail.com,2,33,34,12,22;144,180,308,407,480,501,533,657,856
981,Torres,Shirley,1954-04-19,shirley1954@googlemail.com,11,13,17,38;879,944
982,Walters,Josephine,1977-07-11,josephine_w77@hotmail.com,2,21
983,Holt,John,1948-10-27;275,379,22
984,Hernandez,Rebecca,1956-10-27,r_hernandez@gmail.com,44,43,12;546
985,Foster,Patricia,1954-12-16,p.foster@hotmail.com,15,13,44,26,10;839,227,473,995,701,212
986,Jensen,Stephen,1954-03-23,sjensen7@gmail.com,8,49,6,33;322,360,135,572,235,303
987,Grantham,Terry,1988-08-18,t_grantham88@yahoo.com,39,16,35;941,330,429,750,530
988,Porter,Alexis,1983-07-22,a.porter@gmail.com,10,8,46,33,12
989,Price,Dulcey,1968-06-21,dulcey.price@gmail.com,50,26,39,34;606,645,678,791,877,742
990,Mcrae,Jayne,1953-04-29,16,49,44;441,972
991,Holmes,David,1963-04-01,d_holmes@yahoo.com,39,21,1,33;128,827
992,White,Susan,1949-02-17,s_white1949@hotmail.com,39;205,715,912,246,55
993,Wolf,Clint,1979-07-26,34,18,44,33;436,63
994,Adamson,Kathleen,1970-05-29,k_adamson@gmail.com,19,48;171,932,388,286,379,945
995,Kendall,Michael,1949-09-23,deep_wing5551@gmail.com,23,10,39;625,985
996,Ross,Andrew,1968-08-23,a_ross@hotmail.co.uk,43,27,33,22;140,448,664,788,870,917,283
997,Hickman,Andrea,1988-06-17,andrea_hickman@gmail.com,8,33,38,21;975
998,Dillard,David,1956-10-06,readypicture9@gmail.com,38,28,33,8,26,18,24
999,Cunningham,Lamar,1951-07-22,lamarcunningham7@yahoo.com,2;158,244,392,517,637,516,684
1000,Sanchez,Madison,1989-02-13,m_sanchez@googlemail.com,6,38,23,10
